x,y,height,momentum_x,bathymetry
125,125,0,0,20
375,125,20,-7.72633e-08,20
625,125,20,-2.44594e-07,-20
875,125,20,-4.51224e-07,-20
1125,125,20,-7.26217e-07,-20
1375,125,20,-1.10259e-06,-20
1625,125,20,-1.61822e-06,-20
1875,125,20,-2.316e-06,-20
2125,125,20,-3.24316e-06,-20
2375,125,20,-4.44952e-06,-20
2625,125,20,-5.98468e-06,-20
2875,125,20,-7.89432e-06,-20
3125,125,20,-1.02158e-05,-20
3375,125,20,-1.29738e-05,-20
3625,125,20,-1.61761e-05,-20
3875,125,20,-1.98116e-05,-20
4125,125,21.0057,-1.84186e-05,-20
4375,125,23.0257,-1.84491e-05,-21.0057
4625,125,24.3499,-2.67563e-05,-23.0257
4875,125,25.3049,-1.84502e-05,-24.3499
5125,125,25.9802,5.9369e-06,-25.3049
5375,125,27.0448,2.79355e-05,-25.9802
5625,125,28.4558,3.82847e-05,-27.0448
5875,125,30.234,2.49308e-05,-28.4558
6125,125,32.9776,1.03051e-05,-30.234
6375,125,35.2843,9.54261e-06,-32.9776
6625,125,37.0547,-7.45231e-06,-35.2843
6875,125,37.3778,-1.94886e-05,-37.0547
7125,125,38.6646,-3.04939e-06,-37.3778
7375,125,40.2267,-7.20314e-06,-38.6646
7625,125,41.2595,-2.97473e-05,-40.2267
7875,125,41.5234,-1.24924e-05,-41.2595
8125,125,41.7932,-2.21712e-06,-41.5234
8375,125,42.7942,-9.72939e-06,-41.7932
8625,125,44.3591,-2.75233e-05,-42.7942
8875,125,45.5234,-3.9232e-05,-44.3591
9125,125,45.5234,-1.32463e-05,-45.5234
9375,125,46.3688,8.44888e-06,-45.5234
9625,125,48.3835,2.01216e-05,-46.3688
9875,125,52.1282,2.07416e-05,-48.3835
10125,125,53.4473,3.24136e-05,-52.1282
10375,125,54.6156,3.63716e-05,-53.4473
10625,125,55.9716,3.98233e-06,-54.6156
10875,125,57.9378,1.11935e-05,-55.9716
11125,125,59.3332,5.6832e-05,-57.9378
11375,125,60.0429,7.33485e-05,-59.3332
11625,125,61.685,5.36909e-05,-60.0429
11875,125,63.3487,4.17962e-05,-61.685
12125,125,64.9847,8.14407e-06,-63.3487
12375,125,65.6944,1.08217e-05,-64.9847
12625,125,68.4823,3.46095e-05,-65.6944
12875,125,72.4967,-2.15009e-05,-68.4823
13125,125,73.2065,-3.37989e-05,-72.4967
13375,125,73.7161,-1.82004e-05,-73.2065
13625,125,74.3361,-0.000100715,-73.7161
13875,125,76.3382,-0.00014389,-74.3361
14125,125,77.734,-0.000129532,-76.3382
14375,125,79.1383,-0.00015557,-77.734
14625,125,81.8184,-0.00014277,-79.1383
14875,125,83.5458,-8.35112e-05,-81.8184
15125,125,84.894,4.49628e-06,-83.5458
15375,125,86.2182,3.66784e-05,-84.894
15625,125,87.8154,9.8253e-06,-86.2182
15875,125,89.3041,7.87638e-06,-87.8154
16125,125,90.337,2.43239e-05,-89.3041
16375,125,91.9254,8.34349e-05,-90.337
16625,125,93.8587,0.000141894,-91.9254
16875,125,96.2157,0.000139593,-93.8587
17125,125,98.0109,8.57188e-05,-96.2157
17375,125,99.7092,6.73443e-05,-98.0109
17625,125,101.388,9.92899e-05,-99.7092
17875,125,102.77,7.26269e-05,-101.388
18125,125,104.413,4.55322e-05,-102.77
18375,125,106.415,4.06976e-05,-104.413
18625,125,108.135,-5.52906e-05,-106.415
18875,125,109.335,-0.000151598,-108.135
19125,125,110.008,-0.000198278,-109.335
19375,125,110.394,-0.000325754,-110.008
19625,125,111.309,-0.00038728,-110.394
19875,125,112.615,-0.000353736,-111.309
20125,125,113.261,-0.000280919,-112.615
20375,125,113.908,-0.000231052,-113.261
20625,125,114.762,-0.000183798,-113.908
20875,125,117.151,-1.60285e-05,-114.762
21125,125,119.103,0.000236078,-117.151
21375,125,120.693,0.000329733,-119.103
21625,125,121.694,0.00027094,-120.693
21875,125,122.246,0.000181142,-121.694
22125,125,122.665,0.000227976,-122.246
22375,125,123.311,0.000288103,-122.665
22625,125,123.741,0.000146014,-123.311
22875,125,124.183,-4.75973e-06,-123.741
23125,125,124.861,-0.000108001,-124.183
23375,125,125,-0.000155045,-124.861
23625,125,125.217,-0.000109302,-125
23875,125,125.895,0.000138676,-125.217
24125,125,126.573,0.000147257,-125.895
24375,125,127.25,0.000109852,-126.573
24625,125,127.928,0.000266608,-127.25
24875,125,128,0.000310898,-127.928
25125,125,128.149,0.000366542,-128
25375,125,128.504,0.000305491,-128.149
25625,125,129.134,0.000166272,-128.504
25875,125,129.795,0.000125633,-129.134
26125,125,130.473,0.000176102,-129.795
26375,125,131.151,0.000139802,-130.473
26625,125,132.013,7.81841e-05,-131.151
26875,125,133.044,0.00013343,-132.013
27125,125,134.046,0.000176225,-133.044
27375,125,135.065,0.000108926,-134.046
27625,125,136.064,5.25851e-05,-135.065
27875,125,136.742,-3.23354e-06,-136.064
28125,125,137.42,-0.000140454,-136.742
28375,125,138,-0.000199591,-137.42
28625,125,138,-0.000209505,-138
28875,125,138.216,-0.000157321,-138
29125,125,138.477,-9.06722e-05,-138.216
29375,125,138.477,-7.27817e-05,-138.477
29625,125,138.477,-5.66861e-05,-138.477
29875,125,138.477,-4.26342e-05,-138.477
30125,125,138.477,-3.08471e-05,-138.477
30375,125,138.725,-0.000125817,-138.477
30625,125,138.953,-0.000224138,-138.725
30875,125,138.953,-0.000221799,-138.953
31125,125,138.953,-0.000222255,-138.953
31375,125,138.953,-0.000225537,-138.953
31625,125,138.953,-0.000231637,-138.953
31875,125,138.953,-0.000240498,-138.953
32125,125,139.081,-0.000391708,-138.953
32375,125,139.404,-0.000438793,-139.081
32625,125,140.053,-0.00026062,-139.404
32875,125,140.43,-0.000188628,-140.053
33125,125,140.43,-0.000204166,-140.43
33375,125,141.087,-3.41408e-05,-140.43
33625,125,141.43,0.00010128,-141.087
33875,125,141.437,-7.82332e-05,-141.43
34125,125,141.791,-9.05599e-05,-141.437
34375,125,142.322,3.52232e-05,-141.791
34625,125,142.978,9.14478e-05,-142.322
34875,125,143.333,0.00014041,-142.978
35125,125,144.072,0.000287883,-143.333
35375,125,145.277,0.000473205,-144.072
35625,125,147.989,0.000383109,-145.277
35875,125,149.37,0.000219508,-147.989
36125,125,149.972,0.000234198,-149.37
36375,125,150.358,0.000141507,-149.972
36625,125,151.194,-0.000166205,-150.358
36875,125,152.227,-0.000429736,-151.194
37125,125,153.259,-0.000595825,-152.227
37375,125,154.052,-0.00060242,-153.259
37625,125,154.562,-0.000472451,-154.052
37875,125,154.53,-0.000339732,-154.562
38125,125,155.601,-0.000270238,-154.53
38375,125,156.957,-0.000177915,-155.601
38625,125,158.313,7.97712e-05,-156.957
38875,125,159.369,0.000210851,-158.313
39125,125,160.25,0.000348894,-159.369
39375,125,160.928,0.000343271,-160.25
39625,125,161.606,-7.86833e-06,-160.928
39875,125,162.136,-0.000321657,-161.606
40125,125,162.459,-0.000445224,-162.136
40375,125,162.812,-0.000467482,-162.459
40625,125,163.485,-0.000382334,-162.812
40875,125,164.518,-5.76243e-05,-163.485
41125,125,165.872,-6.2007e-05,-164.518
41375,125,167.396,-9.05597e-05,-165.872
41625,125,169.09,8.5705e-05,-167.396
41875,125,171.124,4.65508e-06,-169.09
42125,125,173.158,-0.000163997,-171.124
42375,125,174.969,-7.03109e-05,-173.158
42625,125,174.646,5.29294e-05,-174.969
42875,125,175.124,0.000170842,-174.646
43125,125,176.592,0.00030842,-175.124
43375,125,181.015,0.000400804,-176.592
43625,125,182.93,0.000558715,-181.015
43875,125,183.608,0.000482853,-182.93
44125,125,184.286,0.000283649,-183.608
44375,125,185.197,0.000360325,-184.286
44625,125,186.206,0.000485523,-185.197
44875,125,187.238,0.000521943,-186.206
45125,125,190.607,0.000648748,-187.238
45375,125,193.068,0.000653219,-190.607
45625,125,191.68,0.000418209,-193.068
45875,125,193.943,0.000134894,-191.68
46125,125,196.23,0.000178638,-193.943
46375,125,197.036,0.000162427,-196.23
46625,125,200.005,-0.000112673,-197.036
46875,125,202.292,-0.000308179,-200.005
47125,125,203.034,-0.000579006,-202.292
47375,125,205.47,-0.000673777,-203.034
47625,125,206.777,-0.000577742,-205.47
47875,125,206.485,-0.000389369,-206.777
48125,125,211.827,-0.000126415,-206.485
48375,125,215.72,-6.86282e-05,-211.827
48625,125,217.852,-0.000106128,-215.72
48875,125,215.077,-0.000100666,-217.852
49125,125,212.581,-9.43501e-05,-215.077
49375,125,210.64,0.00011674,-212.581
49625,125,212.997,2.91266e-05,-210.64
49875,125,220.842,-0.000341633,-212.997
50125,125,231.159,-0.000288082,-220.842
50375,125,232.096,-0.000140824,-231.159
50625,125,230.037,-5.25384e-05,-232.096
50875,125,226.669,0.000338107,-230.037
51125,125,224.99,0.000770017,-226.669
51375,125,224.701,0.000991278,-224.99
51625,125,225.47,0.00118804,-224.701
51875,125,227.827,0.00133002,-225.47
52125,125,231.722,0.00103145,-227.827
52375,125,235.51,0.000962327,-231.722
52625,125,237.575,0.0013927,-235.51
52875,125,240.129,0.00108653,-237.575
53125,125,242.623,0.000362163,-240.129
53375,125,244.721,-0.000247544,-242.623
53625,125,249.327,-0.000663606,-244.721
53875,125,252.535,-0.000829704,-249.327
54125,125,252.567,-0.00096955,-252.535
54375,125,254.129,-0.000932017,-252.567
54625,125,257.944,-0.00110462,-254.129
54875,125,264.629,-0.00143058,-257.944
55125,125,270.458,-0.000933956,-264.629
55375,125,274.463,-0.0003865,-270.458
55625,125,276.465,-0.000473086,-274.463
55875,125,275.481,-0.00042538,-276.465
56125,125,275.704,1.35106e-05,-275.481
56375,125,277.105,0.000288722,-275.704
56625,125,279.462,0.00046216,-277.105
56875,125,283.565,0.00101264,-279.462
57125,125,288.733,0.00102076,-283.565
57375,125,291.445,0.000604146,-288.733
57625,125,295.397,0.0004591,-291.445
57875,125,300.031,0.000238601,-295.397
58125,125,304.194,0.000140761,-300.031
58375,125,310.109,-0.000228049,-304.194
58625,125,316.424,-0.00066891,-310.109
58875,125,320.815,-0.000412738,-316.424
59125,125,323.51,-2.47976e-05,-320.815
59375,125,326.033,-0.000449166,-323.51
59625,125,330.069,-0.00107576,-326.033
59875,125,332.541,-0.00146599,-330.069
60125,125,334.457,-0.00137498,-332.541
60375,125,336.168,-0.00118039,-334.457
60625,125,337.852,-0.00168968,-336.168
60875,125,339.887,-0.0017979,-337.852
61125,125,342.599,-0.00177754,-339.887
61375,125,345.311,-0.00211705,-342.599
61625,125,348.303,-0.00197603,-345.311
61875,125,351.724,-0.00154183,-348.303
62125,125,354.82,-0.000733896,-351.724
62375,125,357.771,0.000263355,-354.82
62625,125,360.578,0.000955348,-357.771
62875,125,366.204,0.00103343,-360.578
63125,125,371.92,0.000619834,-366.204
63375,125,377.556,0.000238013,-371.92
63625,125,379.235,6.33817e-05,-377.556
63875,125,380,-0.000205548,-379.235
64125,125,380.33,-0.000164433,-380
64375,125,385.075,0.000261607,-380.33
64625,125,389.821,-1.30387e-05,-385.075
64875,125,394.486,-0.000129036,-389.821
65125,125,398.554,0.000413355,-394.486
65375,125,402.85,0.000922213,-398.554
65625,125,407.563,0.000499626,-402.85
65875,125,413.696,-0.00047287,-407.563
66125,125,420.727,-0.000275682,-413.696
66375,125,427.267,-0.000168941,-420.727
66625,125,430.657,-0.000241197,-427.267
66875,125,434.047,-0.000565556,-430.657
67125,125,437.246,-0.00103529,-434.047
67375,125,439.926,0.00033109,-437.246
67625,125,443.452,0.000983577,-439.926
67875,125,447.196,0.000883014,-443.452
68125,125,450.941,0.00112489,-447.196
68375,125,454.932,0.000961402,-450.941
68625,125,458.717,-0.00022036,-454.932
68875,125,462.075,-0.000805303,-458.717
69125,125,463.785,0.00354871,-462.075
69375,125,465.246,0.0110388,-463.785
69625,125,466.634,0.0190641,-465.246
69875,125,467.716,0.0287569,-466.634
70125,125,469.735,0.0386893,-467.716
70375,125,472.834,0.0477869,-469.736
70625,125,472.018,0.0593454,-472.834
70875,125,473.847,0.079309,-472.019
71125,125,478.134,0.104733,-473.849
71375,125,482.233,0.128823,-478.135
71625,125,486.296,0.152576,-482.235
71875,125,490.465,0.177671,-486.298
72125,125,495.921,0.203175,-490.468
72375,125,501.156,0.229082,-495.924
72625,125,506.205,0.255436,-501.16
72875,125,510.95,0.28122,-506.209
73125,125,515.479,0.298677,-510.955
73375,125,519.833,0.308295,-515.484
73625,125,523.9,0.318954,-519.838
73875,125,528.2,0.328913,-523.906
74125,125,532.432,0.33907,-528.206
74375,125,536.177,0.351223,-532.439
74625,125,539.921,0.362913,-536.184
74875,125,543.656,0.37598,-539.928
75125,125,547.369,0.39238,-543.664
75375,125,551.107,0.41069,-547.377
75625,125,554.852,0.430472,-551.115
75875,125,558.596,0.451449,-554.86
76125,125,562.313,0.47338,-558.605
76375,125,565.898,0.491936,-562.322
76625,125,569.288,0.506948,-565.907
76875,125,573.3,0.523004,-569.297
77125,125,577.368,0.540251,-573.31
77375,125,581.435,0.558388,-577.378
77625,125,584.846,0.578103,-581.446
77875,125,588.57,0.604403,-584.857
78125,125,592.638,0.646507,-588.582
78375,125,596.705,0.698872,-592.649
78625,125,600.772,0.751272,-596.717
78875,125,604.839,0.804478,-600.785
79125,125,608.906,0.858205,-604.853
79375,125,612.973,0.911976,-608.921
79625,125,617.082,0.96608,-612.988
79875,125,621.504,1.02126,-617.099
80125,125,626.384,1.08032,-621.521
80375,125,631.69,1.15355,-626.401
80625,125,637.854,1.24889,-631.709
80875,125,644.176,1.37182,-637.874
81125,125,650.355,1.53402,-644.197
81375,125,655.776,1.74484,-650.378
81625,125,659.923,2.01214,-655.801
81875,125,663.91,2.34786,-659.952
82125,125,668.65,2.76896,-663.943
82375,125,676.853,3.29376,-668.689
82625,125,685.63,3.93904,-676.897
82875,125,693.725,4.72614,-685.682
83125,125,696.692,5.67636,-693.786
83375,125,699.964,6.81407,-696.764
83625,125,705.372,8.17488,-700.051
83875,125,708.668,9.79196,-705.474
84125,125,712.133,11.693,-708.79
84375,125,716.174,13.9104,-712.277
84625,125,718.931,16.4825,-716.344
84875,125,721.123,19.4544,-719.132
85125,125,722.762,22.8617,-721.359
85375,125,724.78,26.7343,-723.038
85625,125,727.666,31.1127,-725.101
85875,125,731.413,36.0364,-728.039
86125,125,736.449,41.5402,-731.844
86375,125,743.427,47.6731,-736.945
86625,125,751.612,54.4633,-743.994
86875,125,757.306,61.9172,-752.257
87125,125,765.692,70.0653,-758.035
87375,125,774.853,78.9224,-766.514
87625,125,778.813,88.4934,-775.775
87875,125,786.851,98.796,-779.843
88125,125,795.843,109.818,-787.995
88375,125,800.459,121.538,-797.11
88625,125,805.556,133.956,-801.856
88875,125,810.417,147.048,-807.09
89125,125,813.98,160.785,-812.095
89375,125,818.33,175.139,-815.808
89625,125,822.114,190.055,-820.316
89875,125,823.979,205.499,-824.263
90125,125,828.882,221.42,-826.297
90375,125,833.294,237.748,-831.373
90625,125,835.502,254.44,-835.963
90875,125,840.654,271.426,-838.352
91125,125,845.7,288.623,-843.688
91375,125,849.905,305.964,-848.919
91625,125,856.306,323.369,-853.31
91875,125,861.552,340.754,-859.898
92125,125,865.114,358.057,-865.328
92375,125,872.309,375.186,-869.073
92625,125,877.594,392.058,-876.448
92875,125,880.871,408.609,-881.91
93125,125,887.128,424.755,-885.359
93375,125,892.477,440.416,-891.784
93625,125,897.14,455.518,-897.295
93875,125,902.771,469.991,-902.112
94125,125,907.183,483.768,-907.891
94375,125,911.092,496.783,-912.442
94625,125,917.427,508.966,-916.482
94875,125,921.359,520.244,-922.939
95125,125,924.484,530.569,-926.982
95375,125,930.141,539.886,-930.208
95625,125,934.172,548.141,-935.955
95875,125,937.941,555.284,-940.065
96125,125,943.311,561.263,-943.901
96375,125,946.938,566.033,-949.325
96625,125,950.881,569.55,-952.994
96875,125,957.291,571.774,-956.966
97125,125,960.765,572.667,-963.39
97375,125,964.356,572.188,-966.865
97625,125,969.807,570.308,-970.444
97875,125,973.554,567.007,-975.867
98125,125,977.12,562.252,-979.573
98375,125,980.904,556.023,-983.083
98625,125,983.808,548.314,-986.796
98875,125,986.906,539.109,-989.613
99125,125,990.412,528.403,-992.609
99375,125,992.012,516.18,-995.999
99625,125,994.485,502.425,-997.468
99875,125,998.068,487.16,-999.794
100125,125,1000.64,470.405,-1003.22
100375,125,1003.57,452.159,-1005.61
100625,125,1006.81,432.44,-1008.35
100875,125,1009.42,411.288,-1011.39
101125,125,1013.59,388.731,-1013.78
101375,125,1018.64,364.824,-1017.71
101625,125,1020.93,339.62,-1022.52
101875,125,1025.14,313.168,-1024.55
102125,125,1030.12,285.525,-1028.49
102375,125,1032.77,256.749,-1033.19
102625,125,1034.3,226.914,-1035.55
102875,125,1035.35,196.096,-1036.78
103125,125,1036.67,164.381,-1037.52
103375,125,1038,131.843,-1038.52
103625,125,1039.34,98.5679,-1039.52
103875,125,1040.68,64.6657,-1040.53
104125,125,1043.34,30.2602,-1041.53
104375,125,1046.1,-4.53533,-1043.84
104625,125,1048.16,-39.641,-1046.26
104875,125,1050.75,-74.9568,-1047.97
105125,125,1053.11,-110.35,-1050.21
105375,125,1054.82,-145.706,-1052.22
105625,125,1057.11,-180.891,-1053.58
105875,125,1058.96,-215.775,-1055.53
106125,125,1059.97,-250.241,-1057.03
106375,125,1061.9,-284.164,-1057.7
106625,125,1063.46,-317.421,-1059.3
106875,125,1064.46,-349.9,-1060.54
107125,125,1066.11,-381.492,-1061.21
107375,125,1067.43,-412.082,-1062.55
107625,125,1068.41,-441.594,-1063.57
107875,125,1070.04,-469.922,-1064.26
108125,125,1070.92,-496.942,-1065.62
108375,125,1071.22,-522.569,-1066.23
108625,125,1072.13,-546.74,-1066.28
108875,125,1072.63,-569.381,-1066.96
109125,125,1072.8,-590.413,-1067.23
109375,125,1072.66,-609.763,-1067.2
109625,125,1072.49,-627.38,-1066.87
109875,125,1072.18,-643.22,-1066.53
110125,125,1071.32,-657.242,-1066.06
110375,125,1070.46,-669.416,-1065.06
110625,125,1069.44,-679.706,-1064.08
110875,125,1067.84,-688.1,-1062.96
111125,125,1066.73,-694.567,-1061.28
111375,125,1065.41,-699.08,-1060.11
111625,125,1063.08,-701.666,-1058.74
111875,125,1061.51,-702.352,-1056.38
112125,125,1059.47,-701.154,-1054.8
112375,125,1056.05,-698.098,-1052.77
112625,125,1054.06,-693.192,-1049.38
112875,125,1050.69,-686.485,-1047.43
113125,125,1044.51,-678.047,-1044.12
113375,125,1031.93,-667.946,-1038.02
113625,125,1020.85,-656.219,-1025.54
113875,125,1012.91,-642.912,-1014.57
114125,125,1008.16,-628.114,-1006.76
114375,125,1001.38,-611.919,-1002.15
114625,125,992.099,-594.374,-995.53
114875,125,1004.26,-575.579,-986.426
115125,125,1011.65,-555.72,-998.769
115375,125,1014.3,-534.937,-1006.35
115625,125,1012.29,-513.345,-1009.2
115875,125,1012.07,-491.062,-1007.39
116125,125,1012.72,-468.249,-1007.39
116375,125,1008.75,-445.047,-1008.26
116625,125,1005.46,-421.581,-1004.52
116875,125,1002.34,-398,-1001.45
117125,125,997.75,-374.442,-998.558
117375,125,991.759,-351.047,-994.199
117625,125,985.013,-327.956,-988.435
117875,125,978.011,-305.288,-981.916
118125,125,971.409,-283.168,-975.136
118375,125,965.416,-261.707,-968.753
118625,125,960.82,-241.024,-962.974
118875,125,955.164,-221.22,-958.583
119125,125,949.596,-202.37,-953.124
119375,125,944.994,-184.549,-947.745
119625,125,939.557,-167.812,-943.322
119875,125,935.123,-152.205,-938.053
120125,125,932.943,-137.746,-933.776
120375,125,930.495,-124.436,-931.742
120625,125,928.55,-112.268,-929.427
120875,125,927.439,-101.223,-927.605
121125,125,928.861,-91.2665,-926.604
121375,125,930.344,-82.3393,-928.126
121625,125,931.623,-74.3724,-929.696
121875,125,936.259,-67.3137,-931.052
122125,125,939.653,-61.0834,-935.756
122375,125,941.735,-55.6019,-939.209
122625,125,947.179,-50.7938,-941.341
122875,125,951.136,-46.5753,-946.828
123125,125,953.871,-42.8722,-950.822
123375,125,956.913,-39.6176,-953.588
123625,125,958.768,-36.7469,-956.655
123875,125,959.645,-34.1965,-958.531
124125,125,959.276,-31.9061,-959.426
124375,125,978.056,-29.8255,-959.072
124625,125,1000.55,-27.926,-977.862
124875,125,989.436,-26.174,-1000.36
125125,125,969.942,-24.5294,-989.259
125375,125,950.356,-22.9719,-969.771
125625,125,943.562,-21.4892,-950.19
125875,125,943.244,-20.0533,-943.399
126125,125,945.27,-18.6533,-943.084
126375,125,947.626,-17.2873,-945.112
126625,125,950.597,-15.9451,-947.469
126875,125,957.626,-14.6139,-950.44
127125,125,972.96,-13.2923,-957.469
127375,125,981.371,-11.9849,-972.802
127625,125,993.181,-10.6944,-981.212
127875,125,1012.97,-9.42577,-993.022
128125,125,1027.3,-8.15943,-1012.81
128375,125,1043.56,-6.8854,-1027.14
128625,125,1063.38,-5.61269,-1043.4
128875,125,1076.68,-4.33941,-1063.22
129125,125,1099.61,-3.06402,-1076.52
129375,125,1133.87,-1.80365,-1099.45
129625,125,1152.94,-0.578544,-1133.7
129875,125,1163.76,0.625638,-1152.77
130125,125,1166.93,1.82933,-1163.59
130375,125,1168.13,3.03473,-1166.76
130625,125,1173.75,4.22015,-1167.96
130875,125,1183.61,5.35707,-1173.58
131125,125,1201.98,6.45541,-1183.44
131375,125,1217.95,7.52967,-1201.81
131625,125,1230.63,8.56887,-1217.78
131875,125,1232.57,9.58216,-1230.46
132125,125,1234.82,10.5889,-1232.4
132375,125,1239.86,11.5802,-1234.64
132625,125,1255.87,12.5428,-1239.68
132875,125,1270.08,13.4844,-1255.7
133125,125,1280.96,14.406,-1269.9
133375,125,1283.77,15.2935,-1280.79
133625,125,1279.52,16.1478,-1283.59
133875,125,1277.46,16.9754,-1279.35
134125,125,1285.72,17.7879,-1277.29
134375,125,1290.55,18.5989,-1285.56
134625,125,1292.87,19.4017,-1290.38
134875,125,1291.87,20.1803,-1292.7
135125,125,1298.39,20.9317,-1291.7
135375,125,1312.8,21.6719,-1298.22
135625,125,1337.59,22.4059,-1312.63
135875,125,1361.26,23.1294,-1337.42
136125,125,1384.7,23.8521,-1361.09
136375,125,1407.98,24.5689,-1384.53
136625,125,1420.27,25.3009,-1407.81
136875,125,1430.76,26.0623,-1420.1
137125,125,1439.89,26.8062,-1430.59
137375,125,1455.29,27.5271,-1439.72
137625,125,1475.84,28.2458,-1455.12
137875,125,1501.18,28.9604,-1475.67
138125,125,1533.05,29.6675,-1501.01
138375,125,1556.14,30.3695,-1532.87
138625,125,1573.51,31.0846,-1555.97
138875,125,1592.79,31.8097,-1573.33
139125,125,1605.76,32.5512,-1592.61
139375,125,1616.16,33.3188,-1605.58
139625,125,1631.02,34.092,-1615.98
139875,125,1644.24,34.8691,-1630.83
140125,125,1660.1,35.661,-1644.04
140375,125,1687.93,36.4698,-1659.9
140625,125,1704.15,37.2717,-1687.73
140875,125,1723.14,38.0524,-1703.95
141125,125,1760.43,38.8256,-1722.94
141375,125,1782.11,39.5969,-1760.23
141625,125,1803.73,40.3747,-1781.89
141875,125,1833.85,41.1579,-1803.51
142125,125,1858.28,41.9442,-1833.63
142375,125,1884.54,42.7293,-1858.06
142625,125,1915.73,43.5052,-1884.32
142875,125,1931.76,44.2871,-1915.51
143125,125,1955.27,45.0637,-1931.53
143375,125,1991.59,45.8053,-1955.03
143625,125,1924.06,46.5048,-1991.35
143875,125,1905.38,47.1866,-1923.82
144125,125,1948.81,47.8698,-1905.13
144375,125,1974.83,48.5488,-1948.56
144625,125,1997.41,49.2163,-1974.58
144875,125,2016.91,49.863,-1997.15
145125,125,2037.05,50.4975,-2016.65
145375,125,2058.03,51.1194,-2036.79
145625,125,2081.54,51.7096,-2057.76
145875,125,2123.45,52.2684,-2081.27
146125,125,2163.1,52.824,-2123.18
146375,125,2203.56,53.3789,-2162.82
146625,125,2257.05,53.8931,-2203.28
146875,125,2286.58,54.3538,-2256.77
147125,125,2304.71,54.7975,-2286.3
147375,125,2324.6,55.2244,-2304.42
147625,125,2334.32,55.6399,-2324.31
147875,125,2340.01,56.0448,-2334.03
148125,125,2345.53,56.401,-2339.72
148375,125,2357.16,56.7158,-2345.24
148625,125,2371.02,57.0172,-2356.87
148875,125,2385.81,57.3018,-2370.72
149125,125,2435.7,57.543,-2385.52
149375,125,2494.98,57.7505,-2435.4
149625,125,2557.42,57.941,-2494.68
149875,125,2585.11,58.1207,-2557.12
150125,125,2605.94,58.2475,-2584.81
150375,125,2624.28,58.2948,-2605.65
150625,125,2641.91,58.3254,-2623.98
150875,125,2657.37,58.3543,-2641.61
151125,125,2670.22,58.3703,-2657.08
151375,125,2679.5,58.3414,-2669.93
151625,125,2690.9,58.267,-2679.21
151875,125,2704.79,58.1781,-2690.61
152125,125,2728.84,58.0617,-2704.5
152375,125,2753.8,57.8929,-2728.55
152625,125,2780.48,57.6549,-2753.52
152875,125,2819.82,57.4201,-2780.19
153125,125,2846.54,57.2124,-2819.54
153375,125,2865.66,56.9699,-2846.26
153625,125,2892.19,56.6514,-2865.39
153875,125,2929.29,56.2888,-2891.92
154125,125,2971.53,55.9263,-2929.02
154375,125,3010.3,55.5457,-2971.26
154625,125,3045.73,55.1601,-3010.03
154875,125,3078.51,54.7832,-3045.47
155125,125,3107.05,54.3976,-3078.25
155375,125,3129.38,53.9482,-3106.79
155625,125,3148.62,53.4393,-3129.13
155875,125,3165.21,52.9426,-3148.37
156125,125,3172.21,52.4386,-3164.96
156375,125,3175.23,51.9294,-3171.97
156625,125,3175.06,51.427,-3174.99
156875,125,3185.8,50.8995,-3174.83
157125,125,3202.19,50.3785,-3185.57
157375,125,3224.82,49.8481,-3201.96
157625,125,3247.13,49.3122,-3224.6
157875,125,3270.5,48.7574,-3246.91
158125,125,3295.38,48.1871,-3270.28
158375,125,3314.69,47.6286,-3295.17
158625,125,3328.66,47.0635,-3314.48
158875,125,3336.95,46.5119,-3328.45
159125,125,3341.2,45.9619,-3336.75
159375,125,3348.48,45.4195,-3341.01
159625,125,3358.8,44.8747,-3348.29
159875,125,3373.74,44.3272,-3358.61
160125,125,3395.91,43.7639,-3373.56
160375,125,3425.2,43.204,-3395.73
160625,125,3470.43,42.6611,-3425.02
160875,125,3513.03,42.1045,-3470.25
161125,125,3552,41.5361,-3512.86
161375,125,3578.99,40.9736,-3551.84
161625,125,3604.53,40.4132,-3578.83
161875,125,3629.06,39.8355,-3604.37
162125,125,3652.4,39.2654,-3628.91
162375,125,3674.77,38.712,-3652.25
162625,125,3695.34,38.158,-3674.61
162875,125,3711.58,37.6032,-3695.2
163125,125,3724.78,37.0812,-3711.44
163375,125,3736.36,36.5801,-3724.64
163625,125,3746.2,36.1078,-3736.22
163875,125,3754.77,35.6585,-3746.07
164125,125,3764.69,35.177,-3754.64
164375,125,3777.7,34.6989,-3764.56
164625,125,3808.44,34.2375,-3777.57
164875,125,3845.63,33.7701,-3808.31
165125,125,3888.63,33.3157,-3845.51
165375,125,3922.67,32.8546,-3888.51
165625,125,3944.36,32.4231,-3922.56
165875,125,3951.59,32.0772,-3944.25
166125,125,3950.87,31.7541,-3951.48
166375,125,3954.58,31.3966,-3950.76
166625,125,3963.22,31.0216,-3954.47
166875,125,3979.55,30.6602,-3963.11
167125,125,4003.3,30.2736,-3979.45
167375,125,4033.54,29.8514,-4003.2
167625,125,4067.5,29.4552,-4033.44
167875,125,4091.14,29.0466,-4067.4
168125,125,4105.59,28.6385,-4091.05
168375,125,4104.13,28.2519,-4105.49
168625,125,4102.37,27.9407,-4104.04
168875,125,4101.63,27.6885,-4102.27
169125,125,4106.8,27.4517,-4101.54
169375,125,4128.95,27.2221,-4106.7
169625,125,4159.3,27.0074,-4128.86
169875,125,4192.2,26.8591,-4159.21
170125,125,4228.51,26.7411,-4192.11
170375,125,4258.44,26.6141,-4228.42
170625,125,4267.87,26.499,-4258.35
170875,125,4274.78,26.4491,-4267.78
171125,125,4282.33,26.357,-4274.7
171375,125,4292.59,26.3088,-4282.24
171625,125,4299.69,26.4168,-4292.5
171875,125,4314.31,26.5972,-4299.6
172125,125,4342.78,26.7468,-4314.23
172375,125,4376.98,26.8802,-4342.7
172625,125,4400.77,27.0553,-4376.9
172875,125,4409.23,27.222,-4400.69
173125,125,4408.78,27.3459,-4409.14
173375,125,4407.39,27.4071,-4408.69
173625,125,4405.52,27.4761,-4407.3
173875,125,4402.94,27.5937,-4405.43
174125,125,4401.27,27.6832,-4402.86
174375,125,4400.23,27.6925,-4401.18
174625,125,4394.91,27.698,-4400.15
174875,125,4390.78,27.7577,-4394.82
175125,125,4387.63,27.9029,-4390.69
175375,125,4385.52,28.0639,-4387.55
175625,125,4384.56,28.187,-4385.43
175875,125,4385.29,28.3191,-4384.47
176125,125,4391.8,28.4506,-4385.2
176375,125,4394.93,28.5518,-4391.71
176625,125,4396.26,28.5921,-4394.84
176875,125,4397.02,28.6425,-4396.17
177125,125,4400.12,28.7764,-4396.93
177375,125,4402.69,28.9598,-4400.03
177625,125,4400.8,29.0689,-4402.6
177875,125,4399.43,29.1183,-4400.71
178125,125,4397.88,29.1969,-4399.34
178375,125,4395.56,29.3299,-4397.79
178625,125,4398.22,29.4731,-4395.47
178875,125,4400.85,29.5756,-4398.13
179125,125,4401.34,29.6828,-4400.76
179375,125,4400.65,29.799,-4401.25
179625,125,4400.59,29.9192,-4400.56
179875,125,4401.75,30.0348,-4400.49
180125,125,4402.29,30.1105,-4401.66
180375,125,4400.46,30.1687,-4402.19
180625,125,4395.75,30.2571,-4400.37
180875,125,4382.02,30.3686,-4395.65
181125,125,4377.88,30.4963,-4381.92
181375,125,4383.83,30.6579,-4377.78
181625,125,4389.66,30.8527,-4383.73
181875,125,4400.55,30.9733,-4389.56
182125,125,4414.98,31.0335,-4400.45
182375,125,4420.13,31.1235,-4414.88
182625,125,4422.08,31.2138,-4420.03
182875,125,4422.17,31.2606,-4421.98
183125,125,4424.46,31.2795,-4422.07
183375,125,4423.61,31.3163,-4424.36
183625,125,4420.31,31.389,-4423.51
183875,125,4413.46,31.4739,-4420.21
184125,125,4416.16,31.5291,-4413.36
184375,125,4421.78,31.5882,-4416.05
184625,125,4422.9,31.6335,-4421.68
184875,125,4451.34,31.6797,-4422.8
185125,125,4487,31.7578,-4451.23
185375,125,4516.82,31.8289,-4486.9
185625,125,4524.72,31.8706,-4516.71
185875,125,4525.3,31.9586,-4524.61
186125,125,4522.36,32.0994,-4525.19
186375,125,4525.8,32.2381,-4522.25
186625,125,4528.16,32.3755,-4525.69
186875,125,4526.66,32.5417,-4528.04
187125,125,4526.29,32.6919,-4526.55
187375,125,4524.08,32.8075,-4526.17
187625,125,4519.15,32.9275,-4523.96
187875,125,4521.41,33.0522,-4519.03
188125,125,4520.29,33.2218,-4521.3
188375,125,4514.87,33.3983,-4520.18
188625,125,4528.73,33.5502,-4514.75
188875,125,4538.34,33.6401,-4528.61
189125,125,4543.95,33.744,-4538.22
189375,125,4549.96,33.8767,-4543.83
189625,125,4559.82,34.0053,-4549.84
189875,125,4572.02,34.1404,-4559.7
190125,125,4578.9,34.2798,-4571.89
190375,125,4576.56,34.4555,-4578.78
190625,125,4568.83,34.6356,-4576.43
190875,125,4562.79,34.8007,-4568.7
191125,125,4557.23,34.977,-4562.66
191375,125,4566.1,35.0542,-4557.1
191625,125,4633.74,34.9335,-4565.97
191875,125,4660.04,34.7905,-4633.61
192125,125,4671.97,34.7073,-4659.91
192375,125,4689.33,34.5699,-4671.84
192625,125,4711.14,34.4431,-4689.21
192875,125,4735.36,34.3783,-4711.01
193125,125,4762.17,34.2613,-4735.23
193375,125,4792.23,34.0966,-4762.04
193625,125,4820.34,33.9243,-4792.1
193875,125,4843.4,33.7769,-4820.22
194125,125,4860.78,33.6475,-4843.27
194375,125,4877.33,33.4826,-4860.65
194625,125,4893.91,33.3042,-4877.2
194875,125,4908.71,33.1627,-4893.78
195125,125,4923.61,33.1126,-4908.58
195375,125,4938.86,33.099,-4923.49
195625,125,4959.92,32.9736,-4938.74
195875,125,4986.34,32.8172,-4959.8
196125,125,5017.85,32.6751,-4986.21
196375,125,5040.41,32.5368,-5017.73
196625,125,5058.35,32.3786,-5040.29
196875,125,5072.01,32.2112,-5058.22
197125,125,5080.42,32.1725,-5071.89
197375,125,5091.12,32.1515,-5080.29
197625,125,5104.38,32.0051,-5091
197875,125,5124.94,31.8138,-5104.26
198125,125,5145.99,31.6781,-5124.81
198375,125,5167.87,31.5381,-5145.87
198625,125,5192.42,31.3983,-5167.75
198875,125,5212.33,31.3022,-5192.3
199125,125,5229.37,31.1878,-5212.21
199375,125,5243.49,31.0977,-5229.25
199625,125,5257.93,30.9524,-5243.37
199875,125,5274.52,30.7108,-5257.81
200125,125,5296.59,30.5056,-5274.4
200375,125,5317.25,30.3013,-5296.47
200625,125,5340.51,30.1119,-5317.13
200875,125,5370.09,29.962,-5340.39
201125,125,5397.14,29.7212,-5369.98
201375,125,5423.43,29.3976,-5397.02
201625,125,5449.23,28.9869,-5423.32
201875,125,5466.66,28.5272,-5449.12
202125,125,5486.13,28.124,-5466.54
202375,125,5509.82,27.7197,-5486.02
202625,125,5539.73,27.3389,-5509.71
202875,125,5571.83,26.9573,-5539.62
203125,125,5606.01,26.5727,-5571.72
203375,125,5638.86,26.1371,-5605.9
203625,125,5673.36,25.7552,-5638.75
203875,125,5708.94,25.4604,-5673.25
204125,125,5734.74,25.2251,-5708.84
204375,125,5762.55,25.0448,-5734.63
204625,125,5796.84,24.789,-5762.44
204875,125,5878.68,24.5183,-5796.74
205125,125,5959.92,24.2103,-5878.58
205375,125,6038.27,23.8515,-5959.82
205625,125,6101.73,23.4701,-6038.17
205875,125,6156.04,23.1322,-6101.63
206125,125,6205.66,22.8482,-6155.94
206375,125,6254.59,22.4856,-6205.56
206625,125,6308.6,22.15,-6254.49
206875,125,6355.99,21.8475,-6308.5
207125,125,6376.76,21.5686,-6355.89
207375,125,6407.01,21.289,-6376.66
207625,125,6424.79,21.0168,-6406.92
207875,125,6405.88,20.7858,-6424.7
208125,125,6394.41,20.5556,-6405.79
208375,125,6394.42,20.3408,-6394.32
208625,125,6413.14,20.1585,-6394.32
208875,125,6435.54,20.0149,-6413.05
209125,125,6461.4,19.8306,-6435.45
209375,125,6491.74,19.6517,-6461.31
209625,125,6513.11,19.4766,-6491.65
209875,125,6530.77,19.3075,-6513.02
210125,125,6544.76,19.1403,-6530.68
210375,125,6466.97,18.8967,-6544.67
210625,125,6423.25,18.553,-6466.88
210875,125,6417.67,18.2626,-6423.17
211125,125,6428.98,18.0012,-6417.58
211375,125,6426.6,17.6584,-6428.9
211625,125,6413.14,17.3429,-6426.52
211875,125,6404.67,17.0794,-6413.06
212125,125,6412.31,16.8524,-6404.59
212375,125,6433.03,16.6474,-6412.23
212625,125,6469.08,16.3576,-6432.95
212875,125,6492.4,16.0728,-6469.01
213125,125,6507.6,15.7968,-6492.32
213375,125,6517.5,15.5537,-6507.53
213625,125,6538.52,15.3169,-6517.42
213875,125,6567.2,15.0691,-6538.44
214125,125,6605.76,14.8126,-6567.13
214375,125,6644.64,14.4745,-6605.69
214625,125,6680.49,14.1411,-6644.57
214875,125,6707.83,13.8716,-6680.42
215125,125,6735.93,13.6183,-6707.75
215375,125,6765.24,13.3762,-6735.86
215625,125,6796.7,13.1151,-6765.17
215875,125,6823.89,12.8728,-6796.63
216125,125,6848.39,12.6277,-6823.82
216375,125,6869.66,12.3071,-6848.32
216625,125,6884.23,12.0683,-6869.59
216875,125,6895.43,11.8009,-6884.16
217125,125,6903.08,11.5827,-6895.37
217375,125,6917.65,11.376,-6903.02
217625,125,6939.08,11.1147,-6917.58
217875,125,6967.82,10.8519,-6939.02
218125,125,6992.25,10.5233,-6967.75
218375,125,7012.11,10.278,-6992.19
218625,125,7027.7,10.0684,-7012.05
218875,125,7042.4,9.75616,-7027.64
219125,125,7056.39,9.44645,-7042.34
219375,125,7069.16,9.17707,-7056.33
219625,125,7075.42,8.97042,-7069.1
219875,125,7075.65,8.80256,-7075.36
220125,125,7071.52,8.60619,-7075.59
220375,125,7063.45,8.39799,-7071.46
220625,125,7057.23,8.20428,-7063.39
220875,125,7053.51,8.08051,-7057.17
221125,125,7056.35,7.98405,-7053.46
221375,125,7076.38,7.87781,-7056.3
221625,125,7100.55,7.8303,-7076.32
221875,125,7116.83,7.75231,-7100.5
222125,125,7118.22,7.64245,-7116.78
222375,125,7111.3,7.53792,-7118.17
222625,125,7095.21,7.46968,-7111.26
222875,125,7094.57,7.33263,-7095.17
223125,125,7106.35,7.12435,-7094.53
223375,125,7135.27,7.0075,-7106.3
223625,125,7156.96,6.86452,-7135.23
223875,125,7167.89,6.7507,-7156.92
224125,125,7163.96,6.67882,-7167.84
224375,125,7148.24,6.59514,-7163.92
224625,125,7130.55,6.52696,-7148.2
224875,125,7111.69,6.43542,-7130.52
225125,125,7101.65,6.31937,-7111.65
225375,125,7107.45,6.14189,-7101.61
225625,125,7129.19,6.03059,-7107.41
225875,125,7152.24,5.91543,-7129.16
226125,125,7165,5.75861,-7152.21
226375,125,7168.63,5.63809,-7164.97
226625,125,7165.38,5.47923,-7168.6
226875,125,7161.7,5.40994,-7165.35
227125,125,7158.31,5.32157,-7161.67
227375,125,7159.27,5.16894,-7158.28
227625,125,7157.93,5.0555,-7159.25
227875,125,7155.56,4.97164,-7157.91
228125,125,7154.33,4.90618,-7155.53
228375,125,7157.37,4.75669,-7154.31
228625,125,7163.45,4.57579,-7157.35
228875,125,7173.66,4.43734,-7163.43
229125,125,7233.55,4.29885,-7173.64
229375,125,7287.91,4.16183,-7233.53
229625,125,7281.06,4.02131,-7287.9
229875,125,7310.78,3.96272,-7281.05
230125,125,7347.3,3.82718,-7310.76
230375,125,7378.14,3.70829,-7347.28
230625,125,7397.79,3.663,-7378.13
230875,125,7410.85,3.53798,-7397.78
231125,125,7416.2,3.43791,-7410.84
231375,125,7416.79,3.27927,-7416.19
231625,125,7421.53,3.04178,-7416.79
231875,125,7432.77,2.86186,-7421.52
232125,125,7450.42,2.66635,-7432.76
232375,125,7476.92,2.40211,-7450.41
232625,125,7512.99,2.20802,-7476.91
232875,125,7540.12,2.03104,-7512.99
233125,125,7565.89,1.86443,-7540.12
233375,125,7591.17,1.71411,-7565.89
233625,125,7631.6,1.59009,-7591.17
233875,125,7668.05,1.48438,-7631.6
234125,125,7701.64,1.30565,-7668.05
234375,125,7736.6,1.13013,-7701.65
234625,125,7749.38,0.959605,-7736.6
234875,125,7747.86,0.883437,-7749.38
235125,125,7742.37,0.778264,-7747.87
235375,125,7741.76,0.576687,-7742.37
235625,125,7743.32,0.446593,-7741.77
235875,125,7743.81,0.279795,-7743.33
236125,125,7748,0.114617,-7743.82
236375,125,7752.65,-0.0837915,-7748.01
236625,125,7754.25,-0.258863,-7752.66
236875,125,7761.33,-0.438048,-7754.27
237125,125,7767.36,-0.50677,-7761.34
237375,125,7766.98,-0.498045,-7767.38
237625,125,7756.55,-0.587619,-7767
237875,125,7735.36,-0.706547,-7756.57
238125,125,7697.9,-0.924342,-7735.38
238375,125,7662.42,-1.07842,-7697.92
238625,125,7630.1,-1.20308,-7662.44
238875,125,7602.16,-1.40766,-7630.12
239125,125,7581.54,-1.63812,-7602.19
239375,125,7558.62,-1.78828,-7581.56
239625,125,7532.05,-1.93957,-7558.65
239875,125,7505.93,-2.12154,-7532.08
240125,125,7480.31,-2.25361,-7505.95
240375,125,7455.27,-2.43905,-7480.33
240625,125,7433.72,-2.61147,-7455.3
240875,125,7415,-2.7783,-7433.75
241125,125,7398.81,-3.04564,-7415.03
241375,125,7384.72,-3.25812,-7398.84
241625,125,7371.12,-3.38142,-7384.75
241875,125,7357.88,-3.46053,-7371.15
242125,125,7344.83,-3.57885,-7357.91
242375,125,7330.15,-3.75744,-7344.87
242625,125,7315.82,-3.90688,-7330.19
242875,125,7307.62,-4.03505,-7315.85
243125,125,7295.67,-4.1915,-7307.66
243375,125,7281.4,-4.39042,-7295.7
243625,125,7264.78,-4.56571,-7281.43
243875,125,7241.09,-4.71174,-7264.82
244125,125,7218.15,-4.85761,-7241.13
244375,125,7203.88,-5.00509,-7218.19
244625,125,7185.47,-5.17085,-7203.92
244875,125,7167.31,-5.32742,-7185.51
245125,125,7151.94,-5.49252,-7167.35
245375,125,7134.14,-5.62015,-7151.99
245625,125,7122.35,-5.73347,-7134.19
245875,125,7121.57,-5.91587,-7122.4
246125,125,7109.89,-6.09838,-7121.62
246375,125,7093.91,-6.26427,-7109.93
246625,125,7073.77,-6.33932,-7093.96
246875,125,7058.81,-6.37823,-7073.82
247125,125,7045.4,-6.52945,-7058.86
247375,125,7033.4,-6.69867,-7045.46
247625,125,7022.75,-6.85372,-7033.46
247875,125,7012.11,-7.00405,-7022.81
248125,125,7001.47,-7.16942,-7012.16
248375,125,6990.79,-7.33046,-7001.52
248625,125,6979.37,-7.42146,-6990.85
248875,125,6966.73,-7.56795,-6979.42
249125,125,6947.95,-7.69146,-6966.79
249375,125,6932.12,-7.75519,-6948.01
249625,125,6918.48,-7.8972,-6932.18
249875,125,6907.2,-8.11138,-6918.55
250125,125,6897.49,-8.32859,-6907.26
250375,125,6888.42,-8.40448,-6897.56
250625,125,6879.64,-8.4437,-6888.49
250875,125,6862.71,-8.52814,-6879.71
251125,125,6846.67,-8.63367,-6862.78
251375,125,6843.18,-8.77163,-6846.73
251625,125,6839.33,-8.903,-6843.24
251875,125,6837.17,-9.05063,-6839.4
252125,125,6839.3,-9.19488,-6837.24
252375,125,6844.31,-9.28307,-6839.37
252625,125,6856.08,-9.33249,-6844.38
252875,125,6879.52,-9.45732,-6856.15
253125,125,6897.58,-9.67,-6879.6
253375,125,6907.63,-9.89637,-6897.65
253625,125,6906.62,-10.0759,-6907.7
253875,125,6905.3,-10.2678,-6906.7
254125,125,6903.74,-10.4037,-6905.37
254375,125,6901.93,-10.5369,-6903.81
254625,125,6901.31,-10.752,-6902.01
254875,125,6900.82,-10.9245,-6901.39
255125,125,6900.46,-11.0714,-6900.9
255375,125,6901.07,-11.2379,-6900.54
255625,125,6900.05,-11.3266,-6901.15
255875,125,6897.54,-11.4495,-6900.13
256125,125,6893.44,-11.6441,-6897.62
256375,125,6887.36,-11.7596,-6893.52
256625,125,6880.17,-11.879,-6887.45
256875,125,6874.75,-11.9758,-6880.26
257125,125,6867.58,-12.0638,-6874.83
257375,125,6858.97,-12.2143,-6867.66
257625,125,6848.09,-12.4096,-6859.06
257875,125,6833.63,-12.5752,-6848.18
258125,125,6817.69,-12.6792,-6833.72
258375,125,6802.13,-12.7933,-6817.78
258625,125,6787.84,-12.8818,-6802.22
258875,125,6773.72,-12.9594,-6787.93
259125,125,6758.86,-13.1191,-6773.81
259375,125,6744.83,-13.2947,-6758.96
259625,125,6732.22,-13.3802,-6744.93
259875,125,6722.18,-13.4929,-6732.32
260125,125,6707.15,-13.6628,-6722.28
260375,125,6689.7,-13.7823,-6707.25
260625,125,6669.69,-13.8938,-6689.8
260875,125,6646.78,-14.0131,-6669.78
261125,125,6631.86,-14.121,-6646.88
261375,125,6628.47,-14.1374,-6631.96
261625,125,6622.15,-14.2381,-6628.57
261875,125,6614.89,-14.3826,-6622.25
262125,125,6606.75,-14.4906,-6614.99
262375,125,6599.96,-14.6543,-6606.86
262625,125,6592.48,-14.7729,-6600.07
262875,125,6584.3,-14.9064,-6592.59
263125,125,6575.13,-15.051,-6584.4
263375,125,6566.34,-15.1487,-6575.24
263625,125,6557.76,-15.2101,-6566.45
263875,125,6548.27,-15.2881,-6557.87
264125,125,6540.25,-15.4677,-6548.38
264375,125,6532.55,-15.7028,-6540.37
264625,125,6521.32,-15.8837,-6532.67
264875,125,6509.61,-15.9929,-6521.43
265125,125,6497.29,-16.0804,-6509.72
265375,125,6483.4,-16.2179,-6497.4
265625,125,6468.75,-16.3481,-6483.52
265875,125,6453.62,-16.481,-6468.87
266125,125,6437.9,-16.6487,-6453.74
266375,125,6423.14,-16.7983,-6438.02
266625,125,6409.18,-16.97,-6423.26
266875,125,6396.42,-17.1281,-6409.3
267125,125,6386.31,-17.2677,-6396.54
267375,125,6378.1,-17.4353,-6386.44
267625,125,6372.39,-17.5704,-6378.23
267875,125,6364.28,-17.6288,-6372.51
268125,125,6356.78,-17.7468,-6364.41
268375,125,6350.74,-17.8805,-6356.91
268625,125,6346.6,-17.9962,-6350.87
268875,125,6344.75,-18.172,-6346.73
269125,125,6345.55,-18.3295,-6344.88
269375,125,6344.52,-18.4419,-6345.69
269625,125,6344.3,-18.5498,-6344.65
269875,125,6344.93,-18.6729,-6344.43
270125,125,6343.61,-18.7872,-6345.07
270375,125,6341.33,-18.9251,-6343.74
270625,125,6338.15,-19.0544,-6341.47
270875,125,6333.34,-19.1782,-6338.28
271125,125,6328.72,-19.2873,-6333.47
271375,125,6323.74,-19.3362,-6328.86
271625,125,6315.15,-19.3919,-6323.88
271875,125,6308.67,-19.5192,-6315.29
272125,125,6305.06,-19.6401,-6308.81
272375,125,6309.93,-19.7343,-6305.21
272625,125,6317.24,-19.8557,-6310.08
272875,125,6326.86,-19.9745,-6317.39
273125,125,6340.84,-20.1144,-6327
273375,125,6352.8,-20.3161,-6340.98
273625,125,6362.64,-20.6079,-6352.95
273875,125,6368.62,-20.9513,-6362.79
274125,125,6357.77,-21.3133,-6368.77
274375,125,6343.31,-21.6294,-6357.92
274625,125,6330.43,-21.8622,-6343.46
274875,125,6322.16,-22.1707,-6330.58
275125,125,6314.48,-22.5777,-6322.31
275375,125,6306.38,-22.8916,-6314.63
275625,125,6288.74,-23.1526,-6306.53
275875,125,6278.7,-23.4438,-6288.89
276125,125,6280.74,-23.7361,-6278.85
276375,125,6281.39,-24.0152,-6280.89
276625,125,6281.03,-24.2249,-6281.55
276875,125,6279.61,-24.4883,-6281.19
277125,125,6286.6,-24.8051,-6279.77
277375,125,6292.67,-25.0549,-6286.76
277625,125,6297.72,-25.3552,-6292.82
277875,125,6300.37,-25.688,-6297.88
278125,125,6301.09,-26.0078,-6300.52
278375,125,6300.25,-26.3478,-6301.24
278625,125,6298.54,-26.6433,-6300.41
278875,125,6294.09,-26.9488,-6298.7
279125,125,6287.77,-27.2426,-6294.25
279375,125,6280.31,-27.5374,-6287.92
279625,125,6272.68,-27.864,-6280.47
279875,125,6265.27,-28.1798,-6272.83
280125,125,6259.17,-28.5051,-6265.43
280375,125,6252.05,-28.8365,-6259.33
280625,125,6244.35,-29.158,-6252.21
280875,125,6236.12,-29.4397,-6244.51
281125,125,6227.14,-29.6962,-6236.28
281375,125,6216.09,-29.9199,-6227.3
281625,125,6200.59,-30.207,-6216.25
281875,125,6181.47,-30.6084,-6200.75
282125,125,6164.2,-30.9709,-6181.63
282375,125,6152,-31.2419,-6164.37
282625,125,6142.41,-31.5927,-6152.16
282875,125,6133.08,-31.9151,-6142.57
283125,125,6123.56,-32.1487,-6133.24
283375,125,6114.09,-32.4415,-6123.72
283625,125,6102.64,-32.7389,-6114.26
283875,125,6088.69,-33.0229,-6102.8
284125,125,6077.09,-33.3251,-6088.86
284375,125,6067.11,-33.6173,-6077.26
284625,125,6058.85,-33.8886,-6067.28
284875,125,6057.53,-34.1842,-6059.02
285125,125,6058.21,-34.4672,-6057.7
285375,125,6060.59,-34.7422,-6058.38
285625,125,6063.3,-35.0637,-6060.76
285875,125,6067.05,-35.4145,-6063.47
286125,125,6071.55,-35.7643,-6067.22
286375,125,6076.35,-36.048,-6071.72
286625,125,6081.16,-36.2572,-6076.52
286875,125,6085.9,-36.5129,-6081.33
287125,125,6090.29,-36.8493,-6086.07
287375,125,6094.17,-37.1191,-6090.46
287625,125,6097.52,-37.3482,-6094.34
287875,125,6099.81,-37.6357,-6097.69
288125,125,6100.37,-37.9228,-6099.98
288375,125,6100.35,-38.2508,-6100.55
288625,125,6100.35,-38.5778,-6100.52
288875,125,6099.53,-38.8289,-6100.52
289125,125,6098.38,-39.0869,-6099.7
289375,125,6096.99,-39.412,-6098.56
289625,125,6094.46,-39.695,-6097.17
289875,125,6091.1,-39.9385,-6094.64
290125,125,6086.67,-40.216,-6091.27
290375,125,6081.64,-40.4861,-6086.85
290625,125,6076.98,-40.7485,-6081.82
290875,125,6072.91,-41.0597,-6077.15
291125,125,6068.84,-41.3557,-6073.09
291375,125,6064.94,-41.583,-6069.02
291625,125,6061.22,-41.8806,-6065.12
291875,125,6057.48,-42.203,-6061.4
292125,125,6053.38,-42.3745,-6057.66
292375,125,6048.96,-42.4278,-6053.56
292625,125,6044.54,-42.4722,-6049.14
292875,125,6039.34,-42.4631,-6044.72
293125,125,6033.28,-42.4263,-6039.52
293375,125,6024.5,-42.4784,-6033.46
293625,125,6017.38,-42.5642,-6024.68
293875,125,6009.94,-42.6131,-6017.56
294125,125,5994.55,-42.699,-6010.11
294375,125,5996,-42.7639,-5994.72
294625,125,6000.92,-42.85,-5996.17
294875,125,5985.75,-42.9622,-6001.1
295125,125,5985.61,-43.0325,-5985.92
295375,125,5986.32,-43.0436,-5985.78
295625,125,5971.57,-43.0524,-5986.49
295875,125,5968.34,-43.1002,-5971.74
296125,125,5969.65,-43.0053,-5968.51
296375,125,5973.55,-42.9506,-5969.82
296625,125,5974.31,-43.0031,-5973.73
296875,125,5971.82,-43.0123,-5974.48
297125,125,5964.46,-42.9629,-5971.99
297375,125,5977.34,-42.9053,-5964.63
297625,125,5984.9,-42.8557,-5977.51
297875,125,5979.64,-42.7958,-5985.07
298125,125,5978.62,-42.7537,-5979.81
298375,125,5976.43,-42.6875,-5978.79
298625,125,5972.3,-42.5913,-5976.59
298875,125,5973.26,-42.5506,-5972.46
299125,125,5970.24,-42.5426,-5973.43
299375,125,5963.14,-42.5184,-5970.41
299625,125,5963.98,-42.4505,-5963.31
299875,125,5962.64,-42.3383,-5964.14
300125,125,5959.81,-42.2768,-5962.8
300375,125,5961.52,-42.2869,-5959.97
300625,125,5957.52,-42.3179,-5961.69
300875,125,5950.79,-42.3378,-5957.68
301125,125,5952.76,-42.2461,-5950.95
301375,125,5948.08,-42.178,-5952.92
301625,125,5938.62,-42.1681,-5948.24
301875,125,5923.78,-42.1054,-5938.78
302125,125,5911.93,-42.0302,-5923.93
302375,125,5902.87,-41.916,-5912.09
302625,125,5899.03,-41.7417,-5903.03
302875,125,5897,-41.4783,-5899.19
303125,125,5893.55,-41.2168,-5897.15
303375,125,5884.6,-41.0493,-5893.71
303625,125,5871.99,-40.8464,-5884.75
303875,125,5863.23,-40.5874,-5872.14
304125,125,5864.68,-40.2936,-5863.38
304375,125,5864.33,-40.007,-5864.83
304625,125,5862.61,-39.7023,-5864.48
304875,125,5859.09,-39.3446,-5862.75
305125,125,5829.9,-39.0409,-5859.23
305375,125,5808.55,-38.7581,-5830.04
305625,125,5802.26,-38.5176,-5808.69
305875,125,5806.39,-38.2694,-5802.4
306125,125,5806.35,-37.9104,-5806.53
306375,125,5800.89,-37.5181,-5806.48
306625,125,5811.78,-37.1424,-5801.02
306875,125,5810.56,-36.7653,-5811.91
307125,125,5799.01,-36.4284,-5810.68
307375,125,5808.5,-36.0784,-5799.14
307625,125,5811.87,-35.6843,-5808.63
307875,125,5811.11,-35.3179,-5812
308125,125,5815.08,-35.0017,-5811.23
308375,125,5817.85,-34.6971,-5815.2
308625,125,5817.46,-34.4018,-5817.97
308875,125,5802.72,-34.0685,-5817.58
309125,125,5801.15,-33.5941,-5802.83
309375,125,5803.69,-33.0374,-5801.27
309625,125,5796.27,-32.4681,-5803.8
309875,125,5790.98,-31.9205,-5796.37
310125,125,5786.31,-31.3734,-5791.08
310375,125,5780.99,-30.8112,-5786.41
310625,125,5772.61,-30.2296,-5781.09
310875,125,5763.31,-29.6407,-5772.7
311125,125,5754.02,-29.0941,-5763.4
311375,125,5733.11,-28.4623,-5754.11
311625,125,5721,-27.7895,-5733.19
311875,125,5730.53,-27.1382,-5721.09
312125,125,5721.08,-26.5374,-5730.62
312375,125,5711.29,-25.9578,-5721.16
312625,125,5705.35,-25.3931,-5711.37
312875,125,5701.02,-24.8527,-5705.42
313125,125,5695.75,-24.248,-5701.09
313375,125,5689.14,-23.6219,-5695.82
313625,125,5682.11,-22.9713,-5689.2
313875,125,5678.16,-22.3692,-5682.18
314125,125,5677.38,-21.8087,-5678.22
314375,125,5677.75,-21.1782,-5677.44
314625,125,5673.68,-20.55,-5677.8
314875,125,5666.48,-19.9048,-5673.73
315125,125,5667.05,-19.2338,-5666.52
315375,125,5662.41,-18.6134,-5667.1
315625,125,5654.4,-18.0218,-5662.46
315875,125,5647.69,-17.4404,-5654.44
316125,125,5646.69,-16.7957,-5647.72
316375,125,5648.33,-16.1622,-5646.73
316625,125,5647.4,-15.5484,-5648.36
316875,125,5649.42,-14.9294,-5647.43
317125,125,5652.17,-14.3948,-5649.45
317375,125,5652.85,-13.9073,-5652.2
317625,125,5656.27,-13.4253,-5652.87
317875,125,5673.76,-12.9324,-5656.29
318125,125,5726.81,-12.3954,-5673.77
318375,125,5725.67,-11.8441,-5726.83
318625,125,5708.92,-11.2941,-5725.68
318875,125,5688.81,-10.8206,-5708.93
319125,125,5680.31,-10.4495,-5688.82
319375,125,5672.68,-10.0379,-5680.31
319625,125,5662.9,-9.59919,-5672.68
319875,125,5652.57,-9.12687,-5662.9
320125,125,5642.46,-8.61522,-5652.57
320375,125,5632.74,-8.08884,-5642.45
320625,125,5622.17,-7.54455,-5632.74
320875,125,5613.68,-6.92205,-5622.17
321125,125,5607.58,-6.32819,-5613.67
321375,125,5602.92,-5.82909,-5607.56
321625,125,5591.98,-5.35032,-5602.91
321875,125,5575.47,-4.90965,-5591.97
322125,125,5564.21,-4.41139,-5575.45
322375,125,5559.64,-3.91921,-5564.19
322625,125,5560.07,-3.44081,-5559.61
322875,125,5560.04,-2.98898,-5560.04
323125,125,5561.05,-2.55023,-5560.01
323375,125,5562.67,-1.99809,-5561.02
323625,125,5564.13,-1.44024,-5562.64
323875,125,5567.31,-1.02899,-5564.09
324125,125,5571.41,-0.623216,-5567.27
324375,125,5575.73,-0.209023,-5571.36
324625,125,5579.65,0.135736,-5575.69
324875,125,5583.48,0.560559,-5579.6
325125,125,5587.58,0.949853,-5583.43
325375,125,5594.24,1.33349,-5587.53
325625,125,5600.5,1.8632,-5594.19
325875,125,5603.96,2.35379,-5600.45
326125,125,5604.9,2.80492,-5603.9
326375,125,5604.9,3.25185,-5604.84
326625,125,5604.16,3.67419,-5604.84
326875,125,5606.34,4.2186,-5604.1
327125,125,5610.49,4.81297,-5606.27
327375,125,5616.98,5.34277,-5610.42
327625,125,5618.54,5.84042,-5616.91
327875,125,5618.54,6.329,-5618.47
328125,125,5617.12,6.80368,-5618.46
328375,125,5615.92,7.23082,-5617.04
328625,125,5612.85,7.65209,-5615.84
328875,125,5607.89,8.04866,-5612.77
329125,125,5605.08,8.4596,-5607.8
329375,125,5603.54,8.94154,-5605
329625,125,5602.97,9.457,-5603.46
329875,125,5601.17,9.95744,-5602.88
330125,125,5601.16,10.4593,-5601.08
330375,125,5603.85,10.9651,-5601.07
330625,125,5617.31,11.4473,-5603.76
330875,125,5626.03,11.9587,-5617.21
331125,125,5630.41,12.4286,-5625.94
331375,125,5626.32,12.896,-5630.31
331625,125,5626.07,13.3932,-5626.22
331875,125,5626.41,13.8002,-5625.97
332125,125,5622.8,14.2302,-5626.3
332375,125,5622.88,14.7113,-5622.69
332625,125,5624.56,15.1555,-5622.77
332875,125,5627.11,15.6082,-5624.45
333125,125,5631.26,16.0632,-5627
333375,125,5633.71,16.4817,-5631.14
333625,125,5631.67,16.8299,-5633.59
333875,125,5641.75,17.2176,-5631.55
334125,125,5650.28,17.7736,-5641.62
334375,125,5652.38,18.2656,-5650.16
334625,125,5661.12,18.5896,-5652.26
334875,125,5667.55,19.0159,-5660.99
335125,125,5669.69,19.5187,-5667.42
335375,125,5674.28,19.966,-5669.55
335625,125,5680.03,20.4199,-5674.15
335875,125,5686.91,20.8565,-5679.89
336125,125,5684.48,21.2253,-5686.77
336375,125,5684.04,21.5791,-5684.34
336625,125,5685.87,21.9706,-5683.9
336875,125,5695.72,22.4042,-5685.73
337125,125,5701.21,22.7795,-5695.57
337375,125,5703.34,23.0251,-5701.06
337625,125,5704.9,23.2127,-5703.19
337875,125,5707.23,23.4485,-5704.75
338125,125,5710.18,23.6402,-5707.07
338375,125,5713.99,23.7942,-5710.03
338625,125,5714.6,23.9262,-5713.84
338875,125,5715.86,23.8585,-5714.45
339125,125,5726.39,23.7368,-5715.7
339375,125,5729.53,23.6551,-5726.23
339625,125,5731.31,23.6041,-5729.37
339875,125,5737.8,23.5675,-5731.16
340125,125,5740.83,23.3326,-5737.64
340375,125,5741.58,22.9611,-5740.68
340625,125,5739.31,22.6232,-5741.43
340875,125,5738.11,22.1571,-5739.17
341125,125,5738.06,21.475,-5737.96
341375,125,5739.78,20.6122,-5737.92
341625,125,5739.35,19.5607,-5739.64
341875,125,5738.9,18.3543,-5739.21
342125,125,5738.93,16.9517,-5738.77
342375,125,5754.21,15.3361,-5738.81
342625,125,5766.42,13.4982,-5754.09
342875,125,5773.12,11.515,-5766.31
343125,125,5761.93,9.33267,-5773.02
343375,125,5754.73,6.79903,-5761.84
343625,125,5752.43,3.96073,-5754.65
343875,125,5761.49,0.887578,-5752.36
344125,125,5766.19,-2.52768,-5761.44
344375,125,5767.41,-6.28377,-5766.15
344625,125,5770.98,-10.336,-5767.39
344875,125,5771.71,-14.66,-5770.98
345125,125,5770.45,-19.3913,-5771.72
345375,125,5768.91,-24.5376,-5770.48
345625,125,5770.95,-30.0593,-5768.97
345875,125,5775.93,-36.0379,-5771.03
346125,125,5785.66,-42.3488,-5776.04
346375,125,5791.81,-49.0439,-5785.79
346625,125,5795.43,-56.1478,-5791.97
346875,125,5795.62,-63.7422,-5795.62
347125,125,5790.98,-71.7096,-5795.84
347375,125,5786.08,-80.0035,-5791.24
347625,125,5784.94,-88.7403,-5786.37
347875,125,5782.11,-97.8373,-5785.27
348125,125,5781.7,-107.274,-5782.48
348375,125,5787.37,-117.152,-5782.11
348625,125,5793.1,-127.485,-5787.82
348875,125,5794.9,-138.234,-5793.6
349125,125,5789.98,-149.361,-5795.44
349375,125,5789.67,-160.868,-5790.56
349625,125,5790.92,-172.819,-5790.31
349875,125,5793.54,-185.187,-5791.6
350125,125,5795.25,-197.911,-5794.28
350375,125,5796.12,-210.943,-5796.05
350625,125,5796.1,-224.206,-5796.97
350875,125,5795.01,-237.682,-5797
351125,125,5795.35,-251.486,-5795.97
351375,125,5797.04,-265.529,-5796.37
351625,125,5799.69,-279.766,-5798.12
351875,125,5800.97,-294.388,-5800.83
352125,125,5801.13,-309.291,-5802.17
352375,125,5800.72,-324.347,-5802.4
352625,125,5801.78,-339.553,-5802.04
352875,125,5803.99,-354.944,-5803.17
353125,125,5807.64,-370.39,-5805.44
353375,125,5812,-385.775,-5809.16
353625,125,5816.24,-401.24,-5813.58
353875,125,5818.53,-416.759,-5817.89
354125,125,5820.15,-432.267,-5820.25
354375,125,5821.08,-447.774,-5821.93
354625,125,5820.73,-463.333,-5822.93
354875,125,5820.32,-478.828,-5822.64
355125,125,5820.52,-494.263,-5822.3
355375,125,5822.19,-509.794,-5822.56
355625,125,5825.51,-525.395,-5824.3
355875,125,5827.09,-540.964,-5827.69
356125,125,5824.67,-556.51,-5829.33
356375,125,5821.04,-571.998,-5826.97
356625,125,5818.42,-587.366,-5823.41
356875,125,5817.65,-602.758,-5820.86
357125,125,5820.64,-618.101,-5820.15
357375,125,5824.08,-633.328,-5823.21
357625,125,5827.67,-648.41,-5826.72
357875,125,5829.03,-663.243,-5830.37
358125,125,5828.84,-677.939,-5831.79
358375,125,5827.09,-692.57,-5831.66
358625,125,5823.35,-707.102,-5829.98
358875,125,5819.03,-721.39,-5826.29
359125,125,5814.36,-735.382,-5822.03
359375,125,5811.56,-749.189,-5817.43
359625,125,5808.76,-762.85,-5814.68
359875,125,5806.16,-776.221,-5811.94
360125,125,5805.04,-789.295,-5809.4
360375,125,5804.17,-802.161,-5808.33
360625,125,5803.38,-814.801,-5807.52
360875,125,5802.29,-827.293,-5806.78
361125,125,5800.04,-839.392,-5805.75
361375,125,5797.37,-851.044,-5803.55
361625,125,5795.03,-862.463,-5800.93
361875,125,5791.44,-873.704,-5798.63
362125,125,5787.3,-884.638,-5795.09
362375,125,5782.87,-895.195,-5791
362625,125,5780.87,-905.442,-5786.61
362875,125,5779.38,-915.382,-5784.66
363125,125,5777.63,-925.129,-5783.21
363375,125,5770.1,-934.489,-5781.5
363625,125,5762.01,-943.413,-5774.01
363875,125,5754.77,-952.022,-5765.96
364125,125,5750.02,-960.316,-5758.76
364375,125,5746.71,-968.296,-5754.04
364625,125,5745,-975.955,-5750.77
364875,125,5745.21,-983.293,-5749.09
365125,125,5745.69,-990.242,-5749.33
365375,125,5746.33,-996.725,-5749.84
365625,125,5747.66,-1002.93,-5750.52
365875,125,5748.45,-1008.85,-5751.87
366125,125,5748.72,-1014.36,-5752.69
366375,125,5748.34,-1019.54,-5752.98
366625,125,5747.78,-1024.29,-5752.63
366875,125,5747.02,-1028.6,-5752.09
367125,125,5745.61,-1032.5,-5751.35
367375,125,5744.01,-1036.08,-5749.96
367625,125,5742.29,-1039.31,-5748.37
367875,125,5740.6,-1042.15,-5746.66
368125,125,5738.89,-1044.56,-5744.98
368375,125,5736.97,-1046.48,-5743.28
368625,125,5734.25,-1048.12,-5741.38
368875,125,5731.79,-1049.32,-5738.67
369125,125,5729.68,-1050.09,-5736.21
369375,125,5728.35,-1050.5,-5734.11
369625,125,5727,-1050.51,-5732.78
369875,125,5725.35,-1050.09,-5731.43
370125,125,5723,-1049.26,-5729.78
370375,125,5720.91,-1048.04,-5727.43
370625,125,5718.88,-1046.43,-5725.33
370875,125,5716.86,-1044.43,-5723.3
371125,125,5714.52,-1041.96,-5721.27
371375,125,5712.29,-1039.11,-5718.92
371625,125,5710.27,-1035.82,-5716.67
371875,125,5707.68,-1032.03,-5714.64
372125,125,5705.18,-1027.76,-5712.04
372375,125,5702.84,-1023.13,-5709.52
372625,125,5701.45,-1018.15,-5707.17
372875,125,5699.74,-1012.73,-5705.75
373125,125,5697.73,-1006.91,-5704.03
373375,125,5697.08,-1000.59,-5701.99
373625,125,5696.06,-993.795,-5701.31
373875,125,5694.61,-986.557,-5700.26
374125,125,5691.61,-978.893,-5698.79
374375,125,5687,-970.871,-5695.75
374625,125,5681.32,-962.437,-5691.11
374875,125,5675.94,-953.586,-5685.4
375125,125,5671.67,-944.295,-5679.98
375375,125,5667.91,-934.503,-5675.67
375625,125,5663.56,-924.323,-5671.87
375875,125,5659.46,-913.753,-5667.48
376125,125,5655.16,-902.7,-5663.34
376375,125,5649.72,-891.251,-5658.98
376625,125,5645.02,-879.381,-5653.5
376875,125,5641.06,-867.094,-5648.75
377125,125,5638.37,-854.422,-5644.74
377375,125,5635.99,-841.332,-5641.99
377625,125,5634.11,-827.724,-5639.56
377875,125,5633.14,-813.742,-5637.62
378125,125,5633.04,-799.351,-5636.59
378375,125,5633.23,-784.474,-5636.43
378625,125,5633.65,-769.297,-5636.56
378875,125,5632.25,-753.787,-5636.92
379125,125,5630.21,-737.852,-5635.45
379375,125,5627.56,-721.468,-5633.34
379625,125,5623.64,-704.644,-5630.63
379875,125,5619.49,-687.482,-5626.63
380125,125,5615.18,-669.943,-5622.42
380375,125,5612.21,-651.929,-5618.02
380625,125,5608.9,-633.508,-5614.98
380875,125,5605.22,-614.817,-5611.59
381125,125,5600.56,-595.823,-5607.84
381375,125,5596.26,-576.331,-5603.09
381625,125,5592.41,-556.517,-5598.71
381875,125,5590.07,-536.534,-5594.77
382125,125,5588.6,-516.18,-5592.35
382375,125,5587.46,-495.344,-5590.79
382625,125,5585.19,-474.259,-5589.57
382875,125,5583.14,-452.972,-5587.21
383125,125,5581.41,-431.392,-5585.07
383375,125,5580.53,-409.561,-5583.24
383625,125,5580.61,-387.355,-5582.27
383875,125,5580.56,-364.934,-5582.26
384125,125,5578.94,-342.345,-5582.11
384375,125,5577.58,-319.503,-5580.39
384625,125,5576.31,-296.372,-5578.93
384875,125,5575.08,-273.091,-5577.56
385125,125,5573.81,-249.682,-5576.24
385375,125,5573.33,-225.957,-5574.86
385625,125,5574.4,-202.143,-5574.29
385875,125,5577.02,-178.253,-5575.26
386125,125,5578.65,-154.166,-5577.77
386375,125,5578.43,-129.935,-5579.3
386625,125,5577,-105.645,-5578.98
386875,125,5574.71,-81.3677,-5577.44
387125,125,5571.48,-57.0995,-5575.04
387375,125,5569.14,-32.8161,-5571.72
387625,125,5566.68,-8.54021,-5569.27
387875,125,5564.04,15.6746,-5566.71
388125,125,5559.85,39.9892,-5563.96
388375,125,5558.77,64.3716,-5559.67
388625,125,5560.45,88.6685,-5558.48
388875,125,5564.17,112.909,-5560.06
389125,125,5567.7,137.106,-5563.67
389375,125,5570.86,161.337,-5567.1
389625,125,5572.29,185.64,-5570.16
389875,125,5572.41,209.958,-5571.48
390125,125,5572.09,234.239,-5571.5
390375,125,5573.19,258.473,-5571.08
390625,125,5575.98,282.688,-5572.08
390875,125,5579.05,306.872,-5574.76
391125,125,5580.51,331.076,-5577.73
391375,125,5580.96,355.207,-5579.08
391625,125,5580.61,379.321,-5579.43
391875,125,5579.03,403.42,-5578.98
392125,125,5578.51,427.28,-5577.3
392375,125,5578.7,450.97,-5576.67
392625,125,5579.83,474.594,-5576.76
392875,125,5580.67,498.058,-5577.79
393125,125,5580.7,521.247,-5578.53
393375,125,5579.48,544.229,-5578.46
393625,125,5578.83,566.997,-5577.14
393875,125,5577.83,589.539,-5576.39
394125,125,5576.24,611.744,-5575.3
394375,125,5574.32,633.635,-5573.62
394625,125,5572.7,655.293,-5571.6
394875,125,5571.43,676.561,-5569.89
395125,125,5570.81,697.504,-5568.53
395375,125,5570.02,718.085,-5567.82
395625,125,5569.13,738.29,-5566.94
395875,125,5569.57,758.185,-5565.97
396125,125,5569.42,777.62,-5566.32
396375,125,5568.89,796.601,-5566.09
396625,125,5568.97,815.171,-5565.48
396875,125,5569.67,833.32,-5565.48
397125,125,5570.74,850.979,-5566.1
397375,125,5571.82,868.185,-5567.1
397625,125,5572.24,885.085,-5568.1
397875,125,5572.47,901.517,-5568.45
398125,125,5573.22,917.383,-5568.61
398375,125,5573.22,932.749,-5569.29
398625,125,5572.93,947.554,-5569.22
398875,125,5572.63,961.903,-5568.87
399125,125,5573.38,975.741,-5568.51
399375,125,5575.05,989.054,-5569.2
399625,125,5578.17,1001.8,-5570.81
399875,125,5581.23,1013.93,-5573.88
400125,125,5582.91,1025.59,-5576.89
400375,125,5581.95,1036.72,-5578.51
400625,125,5581,1047.22,-5577.51
400875,125,5580.31,1057.18,-5576.51
401125,125,5580.02,1066.56,-5575.78
401375,125,5579.41,1075.25,-5575.46
401625,125,5579.07,1083.42,-5574.81
401875,125,5579.1,1090.96,-5574.43
402125,125,5579.16,1097.8,-5574.43
402375,125,5579.54,1104.11,-5574.46
402625,125,5580.25,1109.71,-5574.81
402875,125,5581.3,1114.6,-5575.5
403125,125,5581.99,1119,-5576.53
403375,125,5582.38,1122.7,-5577.19
403625,125,5583.07,1125.7,-5577.57
403875,125,5583.97,1128.26,-5578.25
404125,125,5585.29,1130.14,-5579.14
404375,125,5588.65,1131.3,-5580.45
404625,125,5592.7,1131.81,-5583.81
404875,125,5596.95,1131.6,-5587.85
405125,125,5600.37,1130.82,-5592.1
405375,125,5601.18,1129.38,-5595.52
405625,125,5599.82,1127.3,-5596.35
405875,125,5594.77,1124.5,-5594.99
406125,125,5589.17,1121.03,-5589.95
406375,125,5584.18,1117.06,-5584.36
406625,125,5581.38,1112.42,-5579.39
406875,125,5579.69,1107.14,-5576.62
407125,125,5578.82,1101.26,-5574.94
407375,125,5579.12,1094.57,-5574.1
407625,125,5578.84,1087.37,-5574.43
407875,125,5578.33,1079.61,-5574.18
408125,125,5577.61,1071.07,-5573.7
408375,125,5577.5,1062.01,-5573.02
408625,125,5577.31,1052.37,-5572.95
408875,125,5576.92,1042.06,-5572.8
409125,125,5576.85,1031.08,-5572.45
409375,125,5577.12,1019.5,-5572.43
409625,125,5577.74,1007.42,-5572.75
409875,125,5577.69,994.722,-5573.43
410125,125,5577.47,981.465,-5573.43
410375,125,5577.06,967.695,-5573.26
410625,125,5576,953.44,-5572.91
410875,125,5575.11,938.662,-5571.91
411125,125,5574.47,923.404,-5571.09
411375,125,5574.76,907.688,-5570.51
411625,125,5575.24,891.579,-5570.86
411875,125,5575.85,875.053,-5571.42
412125,125,5576.45,858.02,-5572.1
412375,125,5577.06,840.653,-5572.78
412625,125,5577.79,822.972,-5573.45
412875,125,5579.07,804.834,-5574.26
413125,125,5580.58,786.325,-5575.62
413375,125,5582.01,767.578,-5577.21
413625,125,5582.93,748.538,-5578.72
413875,125,5583.33,729.264,-5579.72
414125,125,5583.17,709.802,-5580.2
414375,125,5582.05,690.157,-5580.13
414625,125,5581.25,670.415,-5579.09
414875,125,5580.75,650.662,-5578.38
415125,125,5580.66,630.905,-5577.95
415375,125,5580.89,611.055,-5577.95
415625,125,5581.55,591.255,-5578.26
415875,125,5582.82,571.502,-5579.01
416125,125,5585.01,551.675,-5580.37
416375,125,5586.7,531.904,-5582.64
416625,125,5587.65,512.264,-5584.41
416875,125,5587.28,492.722,-5585.44
417125,125,5586.52,473.145,-5585.16
417375,125,5585.41,453.602,-5584.49
417625,125,5584.66,434.34,-5583.46
417875,125,5583.35,415.353,-5582.79
418125,125,5581.64,396.619,-5581.56
418375,125,5580.56,378.346,-5579.93
418625,125,5579.48,360.483,-5578.93
418875,125,5578.48,342.875,-5577.93
419125,125,5578.06,325.595,-5577
419375,125,5577.42,308.81,-5576.65
419625,125,5576.67,292.485,-5576.09
419875,125,5575.89,276.67,-5575.4
420125,125,5575.61,261.37,-5574.69
420375,125,5575.69,246.46,-5574.48
420625,125,5576.31,232.062,-5574.63
420875,125,5576.69,218.178,-5575.3
421125,125,5577.34,204.78,-5575.74
421375,125,5578.97,191.834,-5576.45
421625,125,5580.87,179.406,-5578.13
421875,125,5582.74,167.635,-5580.09
422125,125,5584.37,156.368,-5582.01
422375,125,5585.73,145.555,-5583.69
422625,125,5586.43,135.307,-5585.1
422875,125,5586.06,125.671,-5585.83
423125,125,5585.09,116.55,-5585.51
423375,125,5583.47,107.842,-5584.58
423625,125,5581.05,99.6294,-5583
423875,125,5577.65,91.9097,-5580.61
424125,125,5573.88,84.6538,-5577.25
424375,125,5569.75,77.9084,-5573.51
424625,125,5564.28,71.5919,-5569.41
424875,125,5558.46,65.7319,-5563.96
425125,125,5552.4,60.3477,-5558.17
425375,125,5547.66,55.2876,-5552.13
425625,125,5543.89,50.6632,-5547.41
425875,125,5540.87,46.4774,-5543.65
426125,125,5538.17,42.6051,-5540.65
426375,125,5535.46,39.1045,-5537.97
426625,125,5532.58,35.9981,-5535.27
426875,125,5528.83,33.2471,-5532.41
427125,125,5523.47,30.8131,-5528.67
427375,125,5517.53,28.676,-5523.32
427625,125,5512.42,26.7602,-5517.39
427875,125,5508.31,25.0385,-5512.29
428125,125,5505.1,23.5179,-5508.19
428375,125,5503.44,22.182,-5504.98
428625,125,5503.33,21.0372,-5503.33
428875,125,5504.19,20.1298,-5503.23
429125,125,5506.25,19.4413,-5504.08
429375,125,5508.58,18.8434,-5506.15
429625,125,5511.08,18.3085,-5508.48
429875,125,5513.79,17.8283,-5510.98
430125,125,5516.78,17.3523,-5513.69
430375,125,5519.81,16.8776,-5516.69
430625,125,5522.84,16.4013,-5519.72
430875,125,5526.2,15.8936,-5522.76
431125,125,5529.13,15.378,-5526.12
431375,125,5531.49,14.8915,-5529.05
431625,125,5532.87,14.5753,-5531.4
431875,125,5533.54,14.4074,-5532.79
432125,125,5533.5,14.1964,-5533.46
432375,125,5533.18,13.9779,-5533.42
432625,125,5533.4,13.7057,-5533.1
432875,125,5534.1,13.3817,-5533.32
433125,125,5535.13,13.0239,-5534.02
433375,125,5536.55,12.7311,-5535.06
433625,125,5538.23,12.5033,-5536.47
433875,125,5539.9,12.2071,-5538.15
434125,125,5541.38,11.9753,-5539.83
434375,125,5542.73,11.8178,-5541.3
434625,125,5544.08,11.6361,-5542.66
434875,125,5544.97,11.4195,-5544.02
435125,125,5545.35,11.2159,-5544.9
435375,125,5544.67,11.02,-5545.28
435625,125,5543.49,10.8569,-5544.6
435875,125,5542.14,10.7289,-5543.42
436125,125,5540.81,10.5636,-5542.07
436375,125,5540,10.3942,-5540.75
436625,125,5538.79,10.2117,-5539.94
436875,125,5536.43,9.99189,-5538.72
437125,125,5535.22,9.80629,-5536.37
437375,125,5534.83,9.63159,-5535.15
437625,125,5535.51,9.41523,-5534.77
437875,125,5536.19,9.15199,-5535.45
438125,125,5536.86,8.87228,-5536.13
438375,125,5537.54,8.55931,-5536.81
438625,125,5537.91,8.17626,-5537.49
438875,125,5537.78,7.87367,-5537.86
439125,125,5537.1,7.63233,-5537.73
439375,125,5536.39,7.4387,-5537.05
439625,125,5535.7,7.32269,-5536.34
439875,125,5535.04,7.17798,-5535.65
440125,125,5534.68,6.98124,-5534.98
440375,125,5533.74,6.76118,-5534.63
