sim_time,name,x,y,height,momentum_x,momentum_y,bathymetry
0,station1_2d,20,50,50,0,0,-50
0.0159638,station1_2d,20,50,50,0,0,-50
0.0319275,station1_2d,20,50,50,0,0,-50
0.0478913,station1_2d,20,50,50,0,0,-50
0.0638551,station1_2d,20,50,50,0,0,-50
0.0798189,station1_2d,20,50,50,0,0,-50
0.0957826,station1_2d,20,50,50,0,0,-50
0.111746,station1_2d,20,50,50,0,0,-50
0.12771,station1_2d,20,50,50,0,0,-50
0.143674,station1_2d,20,50,50,0,0,-50
0.159638,station1_2d,20,50,50,0,0,-50
0.175602,station1_2d,20,50,50,0,0,-50
0.191565,station1_2d,20,50,50,0,0,-50
0.207529,station1_2d,20,50,50,0,0,-50
0.223493,station1_2d,20,50,50,0,0,-50
0.239457,station1_2d,20,50,50,0,0,-50
0.25542,station1_2d,20,50,50,0,0,-50
0.271384,station1_2d,20,50,50,0,0,-50
0.287348,station1_2d,20,50,50,0,0,-50
0.303312,station1_2d,20,50,50,0,0,-50
0.319275,station1_2d,20,50,50,-1.47155e-07,0,-50
0.335239,station1_2d,20,50,50,-5.11334e-06,0,-50
0.351203,station1_2d,20,50,50,-6.33583e-05,0,-50
0.367167,station1_2d,20,50,50,-0.000253591,0,-50
0.38313,station1_2d,20,50,50,-0.000918522,0,-50
0.399094,station1_2d,20,50,50.0001,-0.00298427,0,-50
0.415058,station1_2d,20,50,50.0004,-0.00869101,-7.27596e-12,-50
0.431022,station1_2d,20,50,50.001,-0.0231211,0,-50
0.446986,station1_2d,20,50,50.0025,-0.0571869,0,-50
0.462949,station1_2d,20,50,50.0058,-0.132362,0,-50
0.478913,station1_2d,20,50,50.0127,-0.288812,0,-50
0.494877,station1_2d,20,50,50.0264,-0.59805,0,-50
0.510841,station1_2d,20,50,50.0521,-1.18096,0,-50
0.526804,station1_2d,20,50,50.0985,-2.23357,0,-50
0.542768,station1_2d,20,50,50.1787,-4.06052,0,-50
0.558732,station1_2d,20,50,50.3122,-7.11489,0,-50
0.574696,station1_2d,20,50,50.5257,-12.0389,0,-50
0.59066,station1_2d,20,50,50.8534,-19.6894,0,-50
0.606623,station1_2d,20,50,51.335,-31.119,0,-50
0.622587,station1_2d,20,50,52.0087,-47.4681,0,-50
0.638551,station1_2d,20,50,52.9006,-69.7257,0,-50
0.654515,station1_2d,20,50,54.0104,-98.3627,7.689e-06,-50
0.670479,station1_2d,20,50,55.3004,-132.944,2.03252e-05,-50
0.686442,station1_2d,20,50,56.6956,-171.922,3.63588e-05,-50
0.702406,station1_2d,20,50,58.0962,-212.809,2.28882e-05,-50
0.71837,station1_2d,20,50,59.4011,-252.711,1.56164e-05,-50
0.734334,station1_2d,20,50,60.5301,-289.017,-1.97887e-05,-50
0.750297,station1_2d,20,50,61.4361,-319.906,-1.69277e-05,-50
0.766261,station1_2d,20,50,62.1059,-344.537,-1.97887e-05,-50
0.782225,station1_2d,20,50,62.5519,-362.911,-1.83582e-05,-50
0.798189,station1_2d,20,50,62.8017,-375.603,-1.3113e-05,-50
0.814153,station1_2d,20,50,62.8889,-383.461,-8.10623e-06,-50
0.830116,station1_2d,20,50,62.8464,-387.397,-6.4373e-06,-50
0.84608,station1_2d,20,50,62.7035,-388.249,7.15256e-06,-50
0.862044,station1_2d,20,50,62.4842,-386.723,1.07288e-05,-50
0.878008,station1_2d,20,50,62.2074,-383.382,-2.26498e-05,-50
0.893972,station1_2d,20,50,61.8875,-378.655,-4.76837e-05,-50
0.909935,station1_2d,20,50,61.5353,-372.859,-5.45979e-05,-50
0.925899,station1_2d,20,50,61.1585,-366.226,-3.26633e-05,-50
0.941863,station1_2d,20,50,60.7627,-358.921,-8.10623e-06,-50
0.957827,station1_2d,20,50,60.3522,-351.064,-5.00679e-06,-50
0.973791,station1_2d,20,50,59.9301,-342.744,-1.66893e-06,-50
0.989754,station1_2d,20,50,59.4988,-334.03,-2.6226e-05,-50
1.00572,station1_2d,20,50,59.0605,-324.981,-3.8147e-06,-50
1.02168,station1_2d,20,50,58.6172,-315.65,-1.3113e-05,-50
1.03765,station1_2d,20,50,58.1704,-306.088,-3.57628e-06,-50
1.05361,station1_2d,20,50,57.7222,-296.343,4.76837e-07,-50
1.06957,station1_2d,20,50,57.2741,-286.464,3.33786e-05,-50
1.08554,station1_2d,20,50,56.8278,-276.501,2.90871e-05,-50
1.1015,station1_2d,20,50,56.385,-266.499,6.29425e-05,-50
1.11746,station1_2d,20,50,55.9473,-256.505,8.44002e-05,-50
1.13343,station1_2d,20,50,55.516,-246.559,7.22408e-05,-50
1.14939,station1_2d,20,50,55.0925,-236.702,8.79765e-05,-50
1.16536,station1_2d,20,50,54.6778,-226.966,7.65324e-05,-50
1.18132,station1_2d,20,50,54.2731,-217.384,6.87838e-05,-50
1.19728,station1_2d,20,50,53.8791,-207.98,3.21865e-05,-50
1.21325,station1_2d,20,50,53.4964,-198.778,3.79086e-05,-50
1.22921,station1_2d,20,50,53.1257,-189.793,3.69549e-05,-50
1.24518,station1_2d,20,50,52.7672,-181.04,3.0756e-05,-50
1.26114,station1_2d,20,50,52.4212,-172.53,1.10865e-05,-50
1.2771,station1_2d,20,50,52.0878,-164.269,4.64916e-06,-50
1.29307,station1_2d,20,50,51.767,-156.261,-2.20537e-06,-50
1.30903,station1_2d,20,50,51.4586,-148.508,-2.75373e-05,-50
1.32499,station1_2d,20,50,51.1626,-141.01,-3.64184e-05,-50
1.34096,station1_2d,20,50,50.8786,-133.765,-5.1856e-06,-50
1.35692,station1_2d,20,50,50.6064,-126.768,-3.21865e-06,-50
1.37289,station1_2d,20,50,50.3457,-120.016,1.49012e-06,-50
1.38885,station1_2d,20,50,50.096,-113.501,2.47359e-06,-50
1.40481,station1_2d,20,50,49.857,-107.218,2.20537e-06,-50
1.42078,station1_2d,20,50,49.6283,-101.16,-2.17855e-05,-50
1.43674,station1_2d,20,50,49.4095,-95.319,-1.03414e-05,-50
1.4527,station1_2d,20,50,49.2,-89.6875,-1.74344e-05,-50
1.46867,station1_2d,20,50,48.9996,-84.2577,-2.93106e-05,-50
1.48463,station1_2d,20,50,48.8078,-79.0218,-3.54201e-05,-50
1.5006,station1_2d,20,50,48.6242,-73.9721,-3.48091e-05,-50
1.51656,station1_2d,20,50,48.4483,-69.1009,-3.06442e-05,-50
1.53252,station1_2d,20,50,48.2799,-64.4009,-2.74405e-05,-50
1.54849,station1_2d,20,50,48.1186,-59.8649,-2.12714e-05,-50
1.56445,station1_2d,20,50,47.9639,-55.4859,-6.4373e-06,-50
1.58041,station1_2d,20,50,47.8156,-51.2572,1.40239e-05,-50
1.59638,station1_2d,20,50,47.6734,-47.1727,2.36221e-05,-50
1.61234,station1_2d,20,50,47.537,-43.2262,2.14875e-05,-50
1.62831,station1_2d,20,50,47.4061,-39.4121,2.16365e-05,-50
1.64427,station1_2d,20,50,47.2804,-35.7252,1.58325e-05,-50
1.66023,station1_2d,20,50,47.1598,-32.1605,3.29465e-05,-50
1.6762,station1_2d,20,50,47.0439,-28.7135,1.88202e-05,-50
1.69216,station1_2d,20,50,46.9327,-25.38,1.26064e-05,-50
1.70812,station1_2d,20,50,46.8258,-22.1562,1.39773e-05,-50
1.72409,station1_2d,20,50,46.7233,-19.0387,1.5527e-05,-50
1.74005,station1_2d,20,50,46.6249,-16.0245,1.57952e-05,-50
1.75602,station1_2d,20,50,46.5305,-13.111,1.51694e-05,-50
1.77198,station1_2d,20,50,46.4401,-10.2961,9.79006e-06,-50
1.78794,station1_2d,20,50,46.3536,-7.578,4.55976e-06,-50
1.80391,station1_2d,20,50,46.2708,-4.95541,-1.88202e-05,-50
1.81987,station1_2d,20,50,46.1919,-2.42749,-3.44366e-05,-50
1.83584,station1_2d,20,50,46.1167,0.00609469,-4.60148e-05,-50
1.8518,station1_2d,20,50,46.0453,2.34512,-3.68506e-05,-50
1.86776,station1_2d,20,50,45.9778,4.58895,-3.06368e-05,-50
1.88373,station1_2d,20,50,45.9142,6.73638,-2.65092e-05,-50
1.89969,station1_2d,20,50,45.8546,8.7857,-3.80576e-05,-50
1.91565,station1_2d,20,50,45.7992,10.7345,-5.34803e-05,-50
1.93162,station1_2d,20,50,45.748,12.58,-4.90099e-05,-50
1.94758,station1_2d,20,50,45.7012,14.3187,-5.41806e-05,-50
1.96355,station1_2d,20,50,45.6591,15.9467,-4.20064e-05,-50
1.97951,station1_2d,20,50,45.6218,17.4592,-3.44366e-05,-50
1.99547,station1_2d,20,50,45.5896,18.8514,-2.82079e-05,-50
2.01144,station1_2d,20,50,45.5627,20.1178,-2.32309e-05,-50
2.0274,station1_2d,20,50,45.5413,21.2523,-1.90586e-05,-50
2.04336,station1_2d,20,50,45.5259,22.2488,-1.39177e-05,-50
2.05933,station1_2d,20,50,45.5165,23.101,-8.64267e-06,-50
2.07529,station1_2d,20,50,45.5134,23.8025,-2.6077e-06,-50
2.09126,station1_2d,20,50,45.517,24.3469,-5.21541e-07,-50
2.10722,station1_2d,20,50,45.5274,24.7282,-2.89083e-06,-50
2.12318,station1_2d,20,50,45.5448,24.941,1.41263e-05,-50
2.13915,station1_2d,20,50,45.5694,24.9804,1.39475e-05,-50
2.15511,station1_2d,20,50,45.6013,24.8425,1.59889e-05,-50
2.17107,station1_2d,20,50,45.6405,24.5248,1.91331e-05,-50
2.18704,station1_2d,20,50,45.6869,24.026,2.28286e-05,-50
2.203,station1_2d,20,50,45.7404,23.3465,1.82539e-05,-50
2.21897,station1_2d,20,50,45.8009,22.4882,7.1153e-06,-50
2.23493,station1_2d,20,50,45.8681,21.4553,-6.48201e-07,-50
2.25089,station1_2d,20,50,45.9415,20.2538,9.20892e-06,-50
2.26686,station1_2d,20,50,46.0208,18.8915,1.50688e-05,-50
2.28282,station1_2d,20,50,46.1053,17.3785,1.86935e-05,-50
2.29879,station1_2d,20,50,46.1944,15.7265,2.5047e-05,-50
2.31475,station1_2d,20,50,46.2876,13.9486,2.78139e-05,-50
2.33071,station1_2d,20,50,46.384,12.0597,2.90107e-05,-50
2.34668,station1_2d,20,50,46.483,10.0754,2.98284e-05,-50
2.36264,station1_2d,20,50,46.5838,8.01209,3.06442e-05,-50
2.3786,station1_2d,20,50,46.6856,5.88655,3.13893e-05,-50
2.39457,station1_2d,20,50,46.7877,3.71557,2.7813e-05,-50
2.41053,station1_2d,20,50,46.8895,1.5155,9.46224e-06,-50
2.4265,station1_2d,20,50,46.9902,-0.698003,7.53254e-06,-50
2.44246,station1_2d,20,50,47.0894,-2.9102,1.81794e-06,-50
2.45842,station1_2d,20,50,47.1865,-5.10755,-1.56164e-05,-50
2.47439,station1_2d,20,50,47.2811,-7.2779,-7.62939e-06,-50
2.49035,station1_2d,20,50,47.3728,-9.41049,-5.87106e-06,-50
2.50631,station1_2d,20,50,47.4614,-11.4961,-7.18236e-06,-50
2.52228,station1_2d,20,50,47.5466,-13.5271,-7.53999e-06,-50
2.53824,station1_2d,20,50,47.6282,-15.4972,8.09133e-06,-50
2.55421,station1_2d,20,50,47.7063,-17.4016,1.90735e-05,-50
2.57017,station1_2d,20,50,47.7807,-19.2367,2.96831e-05,-50
2.58613,station1_2d,20,50,47.8515,-21.0002,2.98172e-05,-50
2.6021,station1_2d,20,50,47.9187,-22.6909,2.02954e-05,-50
2.61806,station1_2d,20,50,47.9824,-24.3081,1.2815e-06,-50
2.63402,station1_2d,20,50,48.0428,-25.8521,-1.47074e-05,-50
2.64999,station1_2d,20,50,48.0999,-27.3239,-3.18289e-05,-50
2.66595,station1_2d,20,50,48.154,-28.7248,-3.78489e-05,-50
2.68192,station1_2d,20,50,48.205,-30.0567,-5.90235e-05,-50
2.69788,station1_2d,20,50,48.2533,-31.3216,-3.31402e-05,-50
2.71384,station1_2d,20,50,48.299,-32.5218,-3.20673e-05,-50
2.72981,station1_2d,20,50,48.3421,-33.6599,-3.06815e-05,-50
2.74577,station1_2d,20,50,48.383,-34.7382,-2.32458e-06,-50
2.76174,station1_2d,20,50,48.4217,-35.7594,2.38121e-05,-50
2.7777,station1_2d,20,50,48.4583,-36.7261,2.68221e-06,-50
2.79366,station1_2d,20,50,48.4931,-37.641,-1.8701e-05,-50
2.80963,station1_2d,20,50,48.5261,-38.5064,-3.61651e-05,-50
2.82559,station1_2d,20,50,48.5574,-39.3248,-1.63466e-05,-50
2.84155,station1_2d,20,50,48.5872,-40.0987,-1.66893e-05,-50
2.85752,station1_2d,20,50,48.6156,-40.8304,-1.75834e-05,-50
2.87348,station1_2d,20,50,48.6427,-41.5221,-1.87755e-05,-50
2.88945,station1_2d,20,50,48.6686,-42.176,-3.89069e-05,-50
2.90541,station1_2d,20,50,48.6933,-42.794,-5.23925e-05,-50
2.92137,station1_2d,20,50,48.7169,-43.3782,-7.20471e-05,-50
2.93734,station1_2d,20,50,48.7396,-43.9304,-6.59078e-05,-50
2.9533,station1_2d,20,50,48.7614,-44.4525,-7.08848e-05,-50
2.96926,station1_2d,20,50,48.7823,-44.9461,-0.000101596,-50
2.98523,station1_2d,20,50,48.8025,-45.4129,-0.000145301,-50
3.00119,station1_2d,20,50,48.8219,-45.8543,-0.000200912,-50
3.01716,station1_2d,20,50,48.8407,-46.2718,-0.000263944,-50
3.03312,station1_2d,20,50,48.8588,-46.6668,-0.000346497,-50
3.04908,station1_2d,20,50,48.8764,-47.0406,-0.000449553,-50
3.06505,station1_2d,20,50,48.8934,-47.3945,-0.000572428,-50
3.08101,station1_2d,20,50,48.91,-47.7294,-0.000732288,-50
3.09697,station1_2d,20,50,48.926,-48.0466,-0.000963926,-50
3.11294,station1_2d,20,50,48.9417,-48.347,-0.00127125,-50
3.1289,station1_2d,20,50,48.957,-48.6316,-0.00164092,-50
3.14487,station1_2d,20,50,48.9719,-48.9013,-0.00212702,-50
3.16083,station1_2d,20,50,48.9864,-49.1569,-0.00275089,-50
3.17679,station1_2d,20,50,49.0007,-49.3992,-0.00349566,-50
3.19276,station1_2d,20,50,49.0147,-49.6288,-0.00442384,-50
3.20872,station1_2d,20,50,49.0284,-49.8466,-0.00554806,-50
3.22469,station1_2d,20,50,49.0419,-50.0532,-0.00695187,-50
3.24065,station1_2d,20,50,49.0551,-50.249,-0.00863533,-50
3.25661,station1_2d,20,50,49.0682,-50.4348,-0.0106649,-50
3.27258,station1_2d,20,50,49.0811,-50.6111,-0.0130998,-50
3.28854,station1_2d,20,50,49.0938,-50.7782,-0.0159744,-50
3.3045,station1_2d,20,50,49.1064,-50.9369,-0.0193674,-50
3.32047,station1_2d,20,50,49.1188,-51.0873,-0.0232336,-50
3.33643,station1_2d,20,50,49.1312,-51.2301,-0.0277296,-50
3.3524,station1_2d,20,50,49.1434,-51.3655,-0.0328632,-50
3.36836,station1_2d,20,50,49.1556,-51.494,-0.0386896,-50
3.38432,station1_2d,20,50,49.1678,-51.6159,-0.045212,-50
3.40029,station1_2d,20,50,49.1799,-51.7314,-0.0524785,-50
3.41625,station1_2d,20,50,49.192,-51.841,-0.0604988,-50
3.43221,station1_2d,20,50,49.2041,-51.9448,-0.0693108,-50
3.44818,station1_2d,20,50,49.2162,-52.043,-0.0789201,-50
3.46414,station1_2d,20,50,49.2284,-52.1359,-0.0892449,-50
3.48011,station1_2d,20,50,49.2406,-52.2236,-0.100256,-50
3.49607,station1_2d,20,50,49.2528,-52.3064,-0.111924,-50
3.51203,station1_2d,20,50,49.2651,-52.3842,-0.124147,-50
3.528,station1_2d,20,50,49.2775,-52.4571,-0.13687,-50
3.54396,station1_2d,20,50,49.29,-52.5253,-0.149875,-50
3.55992,station1_2d,20,50,49.3025,-52.5886,-0.163073,-50
3.57589,station1_2d,20,50,49.315,-52.647,-0.176305,-50
3.59185,station1_2d,20,50,49.3277,-52.7006,-0.189346,-50
3.60782,station1_2d,20,50,49.3403,-52.7491,-0.202035,-50
3.62378,station1_2d,20,50,49.353,-52.7923,-0.214175,-50
3.63974,station1_2d,20,50,49.3657,-52.8302,-0.225561,-50
3.65571,station1_2d,20,50,49.3784,-52.8624,-0.235947,-50
3.67167,station1_2d,20,50,49.391,-52.8889,-0.245081,-50
3.68764,station1_2d,20,50,49.4035,-52.9091,-0.252779,-50
3.7036,station1_2d,20,50,49.416,-52.9231,-0.258806,-50
3.71956,station1_2d,20,50,49.4283,-52.9304,-0.26302,-50
3.73553,station1_2d,20,50,49.4404,-52.9307,-0.265184,-50
3.75149,station1_2d,20,50,49.4522,-52.9238,-0.265169,-50
3.76745,station1_2d,20,50,49.4638,-52.9094,-0.262827,-50
3.78342,station1_2d,20,50,49.475,-52.8872,-0.258053,-50
3.79938,station1_2d,20,50,49.4859,-52.857,-0.250767,-50
3.81535,station1_2d,20,50,49.4964,-52.8184,-0.240883,-50
3.83131,station1_2d,20,50,49.5064,-52.7713,-0.228464,-50
3.84727,station1_2d,20,50,49.5159,-52.7157,-0.213507,-50
3.86324,station1_2d,20,50,49.5249,-52.6512,-0.196065,-50
3.8792,station1_2d,20,50,49.5333,-52.5779,-0.176234,-50
3.89516,station1_2d,20,50,49.5411,-52.4958,-0.154084,-50
3.91113,station1_2d,20,50,49.5483,-52.4048,-0.129807,-50
3.92709,station1_2d,20,50,49.5548,-52.3051,-0.103518,-50
3.94306,station1_2d,20,50,49.5606,-52.1968,-0.0754652,-50
3.95902,station1_2d,20,50,49.5657,-52.08,-0.045838,-50
3.97498,station1_2d,20,50,49.5701,-51.9549,-0.0149054,-50
3.99095,station1_2d,20,50,49.5737,-51.822,0.0170981,-50
4.00691,station1_2d,20,50,49.5767,-51.6814,0.0499131,-50
4.02287,station1_2d,20,50,49.5789,-51.5336,0.0833294,-50
4.03884,station1_2d,20,50,49.5804,-51.3789,0.117015,-50
4.0548,station1_2d,20,50,49.5812,-51.2178,0.150722,-50
4.07077,station1_2d,20,50,49.5813,-51.0508,0.184219,-50
4.08673,station1_2d,20,50,49.5808,-50.8783,0.217229,-50
4.10269,station1_2d,20,50,49.5797,-50.7009,0.249513,-50
4.11866,station1_2d,20,50,49.5779,-50.519,0.280794,-50
4.13462,station1_2d,20,50,49.5757,-50.3332,0.310912,-50
4.15058,station1_2d,20,50,49.5729,-50.1439,0.339618,-50
4.16655,station1_2d,20,50,49.5696,-49.9517,0.36671,-50
4.18251,station1_2d,20,50,49.5659,-49.757,0.392058,-50
4.19847,station1_2d,20,50,49.5619,-49.5603,0.415486,-50
4.21444,station1_2d,20,50,49.5575,-49.362,0.436863,-50
4.2304,station1_2d,20,50,49.5528,-49.1626,0.456052,-50
4.24636,station1_2d,20,50,49.548,-48.9624,0.472924,-50
4.26233,station1_2d,20,50,49.5429,-48.7617,0.48741,-50
4.27829,station1_2d,20,50,49.5378,-48.5609,0.499481,-50
4.29425,station1_2d,20,50,49.5326,-48.3603,0.509096,-50
4.31022,station1_2d,20,50,49.5275,-48.16,0.516192,-50
4.32618,station1_2d,20,50,49.5223,-47.9602,0.520765,-50
4.34215,station1_2d,20,50,49.5173,-47.761,0.522827,-50
4.35811,station1_2d,20,50,49.5125,-47.5627,0.522451,-50
4.37407,station1_2d,20,50,49.5079,-47.3653,0.519656,-50
4.39004,station1_2d,20,50,49.5035,-47.1687,0.514484,-50
4.406,station1_2d,20,50,49.4995,-46.9732,0.507092,-50
4.42196,station1_2d,20,50,49.4958,-46.7786,0.497535,-50
4.43793,station1_2d,20,50,49.4925,-46.5849,0.486,-50
4.45389,station1_2d,20,50,49.4896,-46.3923,0.4726,-50
4.46985,station1_2d,20,50,49.4871,-46.2006,0.457542,-50
4.48582,station1_2d,20,50,49.4852,-46.0098,0.440983,-50
4.50178,station1_2d,20,50,49.4837,-45.82,0.423079,-50
4.51774,station1_2d,20,50,49.4827,-45.6312,0.404074,-50
4.53371,station1_2d,20,50,49.4823,-45.4434,0.384129,-50
4.54967,station1_2d,20,50,49.4824,-45.2565,0.363542,-50
4.56564,station1_2d,20,50,49.483,-45.0708,0.342448,-50
4.5816,station1_2d,20,50,49.4841,-44.8863,0.321131,-50
4.59756,station1_2d,20,50,49.4857,-44.7032,0.299801,-50
4.61353,station1_2d,20,50,49.4878,-44.5216,0.278668,-50
4.62949,station1_2d,20,50,49.4903,-44.3417,0.257939,-50
4.64545,station1_2d,20,50,49.4933,-44.1638,0.237843,-50
4.66142,station1_2d,20,50,49.4967,-43.9882,0.218536,-50
4.67738,station1_2d,20,50,49.5005,-43.8152,0.200187,-50
4.69334,station1_2d,20,50,49.5045,-43.6449,0.182935,-50
4.70931,station1_2d,20,50,49.5089,-43.4779,0.166922,-50
4.72527,station1_2d,20,50,49.5135,-43.3145,0.152316,-50
4.74123,station1_2d,20,50,49.5183,-43.1551,0.139132,-50
4.7572,station1_2d,20,50,49.5232,-43,0.127473,-50
4.77316,station1_2d,20,50,49.5283,-42.8495,0.117335,-50
4.78912,station1_2d,20,50,49.5334,-42.7042,0.108781,-50
4.80509,station1_2d,20,50,49.5385,-42.5644,0.101779,-50
4.82105,station1_2d,20,50,49.5435,-42.4303,0.0963021,-50
4.83702,station1_2d,20,50,49.5485,-42.3025,0.0923031,-50
4.85298,station1_2d,20,50,49.5534,-42.1811,0.0897419,-50
4.86894,station1_2d,20,50,49.5582,-42.0665,0.0885621,-50
4.88491,station1_2d,20,50,49.5627,-41.959,0.0886035,-50
4.90087,station1_2d,20,50,49.567,-41.8586,0.0897742,-50
4.91683,station1_2d,20,50,49.5711,-41.7658,0.0919897,-50
4.9328,station1_2d,20,50,49.5749,-41.6805,0.0950857,-50
4.94876,station1_2d,20,50,49.5785,-41.6029,0.0989211,-50
4.96472,station1_2d,20,50,49.5817,-41.533,0.103419,-50
4.98069,station1_2d,20,50,49.5846,-41.4709,0.108402,-50
4.99665,station1_2d,20,50,49.5872,-41.4166,0.113777,-50
5.01261,station1_2d,20,50,49.5894,-41.37,0.119386,-50
5.02858,station1_2d,20,50,49.5914,-41.3312,0.125092,-50
5.04454,station1_2d,20,50,49.593,-41.2998,0.130799,-50
5.06051,station1_2d,20,50,49.5943,-41.2759,0.136395,-50
5.07647,station1_2d,20,50,49.5953,-41.2592,0.141813,-50
5.09243,station1_2d,20,50,49.5959,-41.2495,0.146973,-50
5.1084,station1_2d,20,50,49.5963,-41.2467,0.151769,-50
5.12436,station1_2d,20,50,49.5964,-41.2504,0.156139,-50
5.14032,station1_2d,20,50,49.5963,-41.2605,0.160008,-50
5.15629,station1_2d,20,50,49.5959,-41.2766,0.163361,-50
5.17225,station1_2d,20,50,49.5953,-41.2985,0.166176,-50
5.18821,station1_2d,20,50,49.5945,-41.326,0.168358,-50
5.20418,station1_2d,20,50,49.5935,-41.3586,0.170004,-50
5.22014,station1_2d,20,50,49.5924,-41.3962,0.171003,-50
5.2361,station1_2d,20,50,49.5911,-41.4383,0.171381,-50
5.25207,station1_2d,20,50,49.5897,-41.4848,0.171179,-50
5.26803,station1_2d,20,50,49.5882,-41.5353,0.170372,-50
5.284,station1_2d,20,50,49.5866,-41.5896,0.16899,-50
5.29996,station1_2d,20,50,49.585,-41.6473,0.167146,-50
5.31592,station1_2d,20,50,49.5833,-41.7082,0.164726,-50
5.33189,station1_2d,20,50,49.5815,-41.772,0.161883,-50
5.34785,station1_2d,20,50,49.5798,-41.8385,0.158563,-50
5.36381,station1_2d,20,50,49.5781,-41.9073,0.15488,-50
5.37978,station1_2d,20,50,49.5763,-41.9783,0.150865,-50
5.39574,station1_2d,20,50,49.5746,-42.0513,0.146528,-50
5.4117,station1_2d,20,50,49.573,-42.1258,0.141968,-50
5.42767,station1_2d,20,50,49.5714,-42.2019,0.137197,-50
5.44363,station1_2d,20,50,49.5699,-42.2791,0.132254,-50
5.45959,station1_2d,20,50,49.5684,-42.3574,0.127155,-50
5.47556,station1_2d,20,50,49.567,-42.4366,0.122013,-50
5.49152,station1_2d,20,50,49.5657,-42.5164,0.116824,-50
5.50748,station1_2d,20,50,49.5644,-42.5967,0.11163,-50
5.52345,station1_2d,20,50,49.5633,-42.6772,0.106433,-50
5.53941,station1_2d,20,50,49.5623,-42.758,0.101349,-50
5.55538,station1_2d,20,50,49.5613,-42.8387,0.0963835,-50
5.57134,station1_2d,20,50,49.5605,-42.9192,0.0915292,-50
5.5873,station1_2d,20,50,49.5597,-42.9994,0.0868622,-50
5.60327,station1_2d,20,50,49.5591,-43.0793,0.0823842,-50
5.61923,station1_2d,20,50,49.5585,-43.1586,0.078109,-50
5.63519,station1_2d,20,50,49.558,-43.2372,0.0740901,-50
5.65116,station1_2d,20,50,49.5577,-43.3152,0.0702906,-50
5.66712,station1_2d,20,50,49.5574,-43.3923,0.0667138,-50
5.68308,station1_2d,20,50,49.5572,-43.4685,0.0634,-50
5.69905,station1_2d,20,50,49.5572,-43.5438,0.0603252,-50
5.71501,station1_2d,20,50,49.5572,-43.618,0.0574882,-50
5.73097,station1_2d,20,50,49.5573,-43.6911,0.0549076,-50
5.74694,station1_2d,20,50,49.5575,-43.763,0.0525682,-50
5.7629,station1_2d,20,50,49.5577,-43.8338,0.0504453,-50
5.77887,station1_2d,20,50,49.5581,-43.9035,0.0484776,-50
5.79483,station1_2d,20,50,49.5585,-43.9719,0.0467337,-50
5.81079,station1_2d,20,50,49.5591,-44.0391,0.0451374,-50
5.82676,station1_2d,20,50,49.5597,-44.1051,0.043662,-50
5.84272,station1_2d,20,50,49.5604,-44.1699,0.0423667,-50
5.85868,station1_2d,20,50,49.5612,-44.2335,0.0411101,-50
5.87465,station1_2d,20,50,49.5621,-44.2961,0.0399215,-50
5.89061,station1_2d,20,50,49.5631,-44.3577,0.0387255,-50
5.90657,station1_2d,20,50,49.5642,-44.4183,0.0375,-50
5.92254,station1_2d,20,50,49.5654,-44.4779,0.0362654,-50
5.9385,station1_2d,20,50,49.5667,-44.5367,0.0349095,-50
5.95446,station1_2d,20,50,49.5681,-44.5948,0.0334586,-50
5.97043,station1_2d,20,50,49.5697,-44.6523,0.0318681,-50
5.98639,station1_2d,20,50,49.5714,-44.7093,0.0301045,-50
6.00236,station1_2d,20,50,49.5732,-44.7659,0.0281549,-50
6.01832,station1_2d,20,50,49.5752,-44.8222,0.0259661,-50
6.03428,station1_2d,20,50,49.5773,-44.8783,0.023488,-50
6.05025,station1_2d,20,50,49.5796,-44.9344,0.0207271,-50
6.06621,station1_2d,20,50,49.5821,-44.9907,0.0176356,-50
6.08217,station1_2d,20,50,49.5847,-45.0473,0.0142349,-50
6.09814,station1_2d,20,50,49.5876,-45.1043,0.0105204,-50
6.1141,station1_2d,20,50,49.5907,-45.1618,0.00641153,-50
6.13006,station1_2d,20,50,49.594,-45.22,0.00198769,-50
6.14603,station1_2d,20,50,49.5975,-45.279,-0.00281924,-50
6.16199,station1_2d,20,50,49.6013,-45.339,-0.00798544,-50
6.17795,station1_2d,20,50,49.6053,-45.4,-0.0134718,-50
6.19392,station1_2d,20,50,49.6096,-45.4621,-0.019288,-50
6.20988,station1_2d,20,50,49.6141,-45.5255,-0.0253959,-50
6.22584,station1_2d,20,50,49.6189,-45.5902,-0.0318219,-50
6.24181,station1_2d,20,50,49.624,-45.6563,-0.0384985,-50
6.25777,station1_2d,20,50,49.6294,-45.7238,-0.0453732,-50
6.27374,station1_2d,20,50,49.635,-45.7928,-0.0524397,-50
6.2897,station1_2d,20,50,49.641,-45.8632,-0.059677,-50
6.30566,station1_2d,20,50,49.6472,-45.935,-0.0669718,-50
6.32163,station1_2d,20,50,49.6536,-46.0082,-0.0743301,-50
6.33759,station1_2d,20,50,49.6604,-46.0827,-0.0816604,-50
6.35355,station1_2d,20,50,49.6674,-46.1585,-0.0889195,-50
6.36952,station1_2d,20,50,49.6747,-46.2354,-0.0960491,-50
6.38548,station1_2d,20,50,49.6822,-46.3132,-0.103002,-50
6.40144,station1_2d,20,50,49.6899,-46.3919,-0.109707,-50
6.41741,station1_2d,20,50,49.6979,-46.4712,-0.116125,-50
6.43337,station1_2d,20,50,49.7061,-46.5509,-0.122201,-50
6.44933,station1_2d,20,50,49.7144,-46.6308,-0.12785,-50
6.4653,station1_2d,20,50,49.7229,-46.7107,-0.133048,-50
6.48126,station1_2d,20,50,49.7315,-46.7903,-0.137733,-50
6.49723,station1_2d,20,50,49.7402,-46.8693,-0.141806,-50
6.51319,station1_2d,20,50,49.749,-46.9475,-0.145282,-50
6.52915,station1_2d,20,50,49.7579,-47.0244,-0.148142,-50
6.54512,station1_2d,20,50,49.7668,-47.1,-0.150309,-50
6.56108,station1_2d,20,50,49.7757,-47.1737,-0.151766,-50
6.57704,station1_2d,20,50,49.7846,-47.2454,-0.152479,-50
6.59301,station1_2d,20,50,49.7934,-47.3147,-0.152445,-50
6.60897,station1_2d,20,50,49.8021,-47.3813,-0.151683,-50
6.62493,station1_2d,20,50,49.8107,-47.4449,-0.150211,-50
6.6409,station1_2d,20,50,49.8192,-47.5052,-0.147962,-50
6.65686,station1_2d,20,50,49.8275,-47.562,-0.145033,-50
6.67282,station1_2d,20,50,49.8356,-47.6149,-0.141347,-50
6.68879,station1_2d,20,50,49.8435,-47.6638,-0.136989,-50
6.70475,station1_2d,20,50,49.8512,-47.7084,-0.131945,-50
6.72072,station1_2d,20,50,49.8586,-47.7485,-0.126281,-50
6.73668,station1_2d,20,50,49.8657,-47.7839,-0.12004,-50
6.75264,station1_2d,20,50,49.8726,-47.8144,-0.11329,-50
6.76861,station1_2d,20,50,49.8791,-47.8399,-0.106073,-50
6.78457,station1_2d,20,50,49.8853,-47.8603,-0.0983774,-50
6.80053,station1_2d,20,50,49.8911,-47.8755,-0.09028,-50
6.8165,station1_2d,20,50,49.8966,-47.8854,-0.0818338,-50
6.83246,station1_2d,20,50,49.9017,-47.89,-0.0730989,-50
6.84842,station1_2d,20,50,49.9065,-47.8893,-0.0641057,-50
6.86439,station1_2d,20,50,49.9109,-47.8831,-0.0549634,-50
6.88035,station1_2d,20,50,49.9149,-47.8717,-0.0456994,-50
6.89631,station1_2d,20,50,49.9186,-47.855,-0.0363693,-50
6.91228,station1_2d,20,50,49.9218,-47.8331,-0.0270008,-50
6.92824,station1_2d,20,50,49.9247,-47.8061,-0.0176235,-50
6.9442,station1_2d,20,50,49.9273,-47.7741,-0.00836236,-50
6.96017,station1_2d,20,50,49.9295,-47.7372,0.000769977,-50
6.97613,station1_2d,20,50,49.9313,-47.6956,0.00976345,-50
6.9921,station1_2d,20,50,49.9328,-47.6493,0.0185803,-50
7.00806,station1_2d,20,50,49.934,-47.5986,0.0271709,-50
7.02402,station1_2d,20,50,49.9348,-47.5436,0.0354891,-50
7.03999,station1_2d,20,50,49.9353,-47.4846,0.0434904,-50
7.05595,station1_2d,20,50,49.9356,-47.4216,0.0512164,-50
7.07191,station1_2d,20,50,49.9355,-47.3549,0.0585791,-50
7.08788,station1_2d,20,50,49.9352,-47.2847,0.0655941,-50
7.10384,station1_2d,20,50,49.9346,-47.2111,0.072223,-50
7.1198,station1_2d,20,50,49.9338,-47.1344,0.078471,-50
7.13577,station1_2d,20,50,49.9327,-47.0548,0.0843628,-50
7.15173,station1_2d,20,50,49.9315,-46.9724,0.0898984,-50
7.16769,station1_2d,20,50,49.93,-46.8875,0.0950227,-50
7.18366,station1_2d,20,50,49.9284,-46.8003,0.0997371,-50
7.19962,station1_2d,20,50,49.9265,-46.7109,0.104069,-50
7.21559,station1_2d,20,50,49.9246,-46.6196,0.107997,-50
7.23155,station1_2d,20,50,49.9224,-46.5265,0.111537,-50
7.24751,station1_2d,20,50,49.9202,-46.4317,0.114706,-50
7.26348,station1_2d,20,50,49.9178,-46.3355,0.117492,-50
7.27944,station1_2d,20,50,49.9153,-46.238,0.11991,-50
7.2954,station1_2d,20,50,49.9128,-46.1394,0.121952,-50
7.31137,station1_2d,20,50,49.9101,-46.0399,0.123692,-50
7.32733,station1_2d,20,50,49.9074,-45.9394,0.125123,-50
7.34329,station1_2d,20,50,49.9046,-45.8383,0.126229,-50
7.35926,station1_2d,20,50,49.9018,-45.7365,0.127048,-50
7.37522,station1_2d,20,50,49.8989,-45.6344,0.127542,-50
7.39118,station1_2d,20,50,49.896,-45.5319,0.127771,-50
7.40715,station1_2d,20,50,49.8931,-45.4291,0.127726,-50
7.42311,station1_2d,20,50,49.8902,-45.3263,0.127439,-50
7.43907,station1_2d,20,50,49.8872,-45.2234,0.126909,-50
7.45504,station1_2d,20,50,49.8843,-45.1207,0.126159,-50
7.471,station1_2d,20,50,49.8814,-45.018,0.125202,-50
7.48697,station1_2d,20,50,49.8785,-44.9157,0.124072,-50
7.50293,station1_2d,20,50,49.8756,-44.8136,0.122766,-50
7.51889,station1_2d,20,50,49.8727,-44.712,0.121292,-50
7.53486,station1_2d,20,50,49.8699,-44.6108,0.119676,-50
7.55082,station1_2d,20,50,49.8671,-44.5101,0.117893,-50
7.56678,station1_2d,20,50,49.8643,-44.4101,0.115976,-50
7.58275,station1_2d,20,50,49.8616,-44.3107,0.113937,-50
7.59871,station1_2d,20,50,49.859,-44.2121,0.111804,-50
7.61467,station1_2d,20,50,49.8564,-44.1143,0.109529,-50
7.63064,station1_2d,20,50,49.8538,-44.0173,0.107147,-50
7.6466,station1_2d,20,50,49.8514,-43.9212,0.104665,-50
7.66256,station1_2d,20,50,49.8489,-43.8261,0.102082,-50
7.67853,station1_2d,20,50,49.8466,-43.7319,0.0994323,-50
7.69449,station1_2d,20,50,49.8443,-43.6389,0.0967157,-50
7.71046,station1_2d,20,50,49.8421,-43.5469,0.0939563,-50
7.72642,station1_2d,20,50,49.84,-43.4561,0.0911064,-50
7.74238,station1_2d,20,50,49.8379,-43.3665,0.0881955,-50
7.75835,station1_2d,20,50,49.836,-43.2782,0.0852647,-50
7.77431,station1_2d,20,50,49.8341,-43.1912,0.0822906,-50
7.79027,station1_2d,20,50,49.8323,-43.1056,0.0792881,-50
7.80624,station1_2d,20,50,49.8306,-43.0215,0.0762462,-50
7.8222,station1_2d,20,50,49.829,-42.9387,0.0731971,-50
7.83816,station1_2d,20,50,49.8275,-42.8575,0.0701534,-50
7.85413,station1_2d,20,50,49.826,-42.7779,0.0670692,-50
7.87009,station1_2d,20,50,49.8247,-42.7,0.0639426,-50
7.88605,station1_2d,20,50,49.8234,-42.6237,0.0607858,-50
7.90202,station1_2d,20,50,49.8223,-42.5491,0.0576573,-50
7.91798,station1_2d,20,50,49.8212,-42.4764,0.0545019,-50
7.93395,station1_2d,20,50,49.8203,-42.4054,0.051334,-50
7.94991,station1_2d,20,50,49.8194,-42.3364,0.0481931,-50
7.96587,station1_2d,20,50,49.8187,-42.2692,0.045065,-50
7.98184,station1_2d,20,50,49.818,-42.2041,0.0419437,-50
7.9978,station1_2d,20,50,49.8174,-42.1409,0.0388582,-50
8.01376,station1_2d,20,50,49.817,-42.0797,0.0358018,-50
8.02973,station1_2d,20,50,49.8166,-42.0207,0.032772,-50
8.04569,station1_2d,20,50,49.8163,-41.9637,0.0297192,-50
8.06165,station1_2d,20,50,49.8161,-41.9088,0.0267204,-50
8.07762,station1_2d,20,50,49.8161,-41.8561,0.0237563,-50
8.09358,station1_2d,20,50,49.8161,-41.8056,0.0208333,-50
8.10954,station1_2d,20,50,49.8162,-41.7573,0.0179763,-50
8.12551,station1_2d,20,50,49.8164,-41.7111,0.0151835,-50
8.14147,station1_2d,20,50,49.8167,-41.6671,0.0124528,-50
8.15744,station1_2d,20,50,49.817,-41.6252,0.00980801,-50
8.1734,station1_2d,20,50,49.8175,-41.5856,0.0072318,-50
8.18936,station1_2d,20,50,49.8181,-41.5481,0.00471436,-50
8.20533,station1_2d,20,50,49.8187,-41.5128,0.0022477,-50
8.22129,station1_2d,20,50,49.8194,-41.4796,-9.62652e-05,-50
8.23725,station1_2d,20,50,49.8202,-41.4484,-0.00234111,-50
8.25322,station1_2d,20,50,49.821,-41.4192,-0.00449271,-50
8.26918,station1_2d,20,50,49.8219,-41.392,-0.00656733,-50
8.28514,station1_2d,20,50,49.8229,-41.3668,-0.0085255,-50
8.30111,station1_2d,20,50,49.8239,-41.3435,-0.010384,-50
8.31707,station1_2d,20,50,49.825,-41.322,-0.0121638,-50
8.33303,station1_2d,20,50,49.8262,-41.3022,-0.0138321,-50
8.349,station1_2d,20,50,49.8274,-41.2841,-0.0154209,-50
8.36496,station1_2d,20,50,49.8286,-41.2676,-0.0169049,-50
8.38093,station1_2d,20,50,49.8299,-41.2527,-0.0182612,-50
8.39689,station1_2d,20,50,49.8312,-41.2392,-0.0194955,-50
8.41285,station1_2d,20,50,49.8325,-41.2271,-0.0205902,-50
8.42882,station1_2d,20,50,49.8339,-41.2163,-0.0215815,-50
8.44478,station1_2d,20,50,49.8353,-41.2066,-0.0224674,-50
8.46074,station1_2d,20,50,49.8367,-41.1981,-0.023238,-50
8.47671,station1_2d,20,50,49.8381,-41.1906,-0.0239136,-50
8.49267,station1_2d,20,50,49.8396,-41.184,-0.0244817,-50
8.50863,station1_2d,20,50,49.841,-41.1782,-0.024992,-50
8.5246,station1_2d,20,50,49.8424,-41.1731,-0.0253793,-50
8.54056,station1_2d,20,50,49.8439,-41.1688,-0.0256408,-50
8.55652,station1_2d,20,50,49.8453,-41.1649,-0.0258272,-50
8.57249,station1_2d,20,50,49.8467,-41.1615,-0.0258859,-50
8.58845,station1_2d,20,50,49.8481,-41.1585,-0.0258718,-50
8.60441,station1_2d,20,50,49.8495,-41.1558,-0.0257897,-50
8.62038,station1_2d,20,50,49.8509,-41.1533,-0.0256554,-50
8.63634,station1_2d,20,50,49.8523,-41.151,-0.0254726,-50
8.65231,station1_2d,20,50,49.8536,-41.1488,-0.0252256,-50
8.66827,station1_2d,20,50,49.8549,-41.1466,-0.0249302,-50
8.68423,station1_2d,20,50,49.8562,-41.1444,-0.0245734,-50
8.7002,station1_2d,20,50,49.8575,-41.1421,-0.0241588,-50
8.71616,station1_2d,20,50,49.8587,-41.1396,-0.0236889,-50
8.73212,station1_2d,20,50,49.8599,-41.1369,-0.0232357,-50
8.74809,station1_2d,20,50,49.861,-41.1339,-0.0227131,-50
8.76405,station1_2d,20,50,49.8622,-41.1306,-0.0222061,-50
8.78001,station1_2d,20,50,49.8633,-41.127,-0.0216698,-50
8.79598,station1_2d,20,50,49.8643,-41.123,-0.0211195,-50
8.81194,station1_2d,20,50,49.8654,-41.1186,-0.0205748,-50
8.8279,station1_2d,20,50,49.8663,-41.1137,-0.0200243,-50
8.84387,station1_2d,20,50,49.8673,-41.1084,-0.0194698,-50
8.85983,station1_2d,20,50,49.8682,-41.1026,-0.018917,-50
8.8758,station1_2d,20,50,49.8691,-41.0963,-0.0183586,-50
8.89176,station1_2d,20,50,49.87,-41.0896,-0.0178477,-50
8.90772,station1_2d,20,50,49.8708,-41.0823,-0.0173401,-50
8.92369,station1_2d,20,50,49.8716,-41.0744,-0.0168626,-50
8.93965,station1_2d,20,50,49.8724,-41.066,-0.0163704,-50
8.95561,station1_2d,20,50,49.8731,-41.0571,-0.015909,-50
8.97158,station1_2d,20,50,49.8739,-41.0477,-0.0154809,-50
8.98754,station1_2d,20,50,49.8746,-41.0378,-0.0150405,-50
9.0035,station1_2d,20,50,49.8752,-41.0273,-0.0146566,-50
9.01947,station1_2d,20,50,49.8759,-41.0163,-0.0143103,-50
9.03543,station1_2d,20,50,49.8765,-41.0048,-0.0139561,-50
9.05139,station1_2d,20,50,49.8771,-40.9928,-0.0136384,-50
9.06736,station1_2d,20,50,49.8777,-40.9803,-0.0133888,-50
9.08332,station1_2d,20,50,49.8783,-40.9673,-0.0131683,-50
9.09929,station1_2d,20,50,49.8788,-40.9538,-0.0129569,-50
9.11525,station1_2d,20,50,49.8794,-40.9399,-0.0127682,-50
9.13121,station1_2d,20,50,49.8799,-40.9255,-0.0126297,-50
9.14718,station1_2d,20,50,49.8805,-40.9107,-0.0124687,-50
9.16314,station1_2d,20,50,49.881,-40.8955,-0.0123737,-50
9.1791,station1_2d,20,50,49.8815,-40.8799,-0.0122746,-50
9.19507,station1_2d,20,50,49.882,-40.8638,-0.0122213,-50
9.21103,station1_2d,20,50,49.8825,-40.8474,-0.0121702,-50
9.22699,station1_2d,20,50,49.883,-40.8306,-0.0121789,-50
9.24296,station1_2d,20,50,49.8835,-40.8135,-0.0121868,-50
9.25892,station1_2d,20,50,49.8839,-40.796,-0.0122481,-50
9.27488,station1_2d,20,50,49.8844,-40.7781,-0.0123215,-50
9.29085,station1_2d,20,50,49.8849,-40.76,-0.0123993,-50
9.30681,station1_2d,20,50,49.8854,-40.7415,-0.0124884,-50
9.32277,station1_2d,20,50,49.8859,-40.7228,-0.0125692,-50
9.33874,station1_2d,20,50,49.8864,-40.7036,-0.0126771,-50
9.3547,station1_2d,20,50,49.8869,-40.6843,-0.0128309,-50
9.37067,station1_2d,20,50,49.8874,-40.6647,-0.0129959,-50
9.38663,station1_2d,20,50,49.8879,-40.6448,-0.0131443,-50
9.40259,station1_2d,20,50,49.8884,-40.6246,-0.013296,-50
9.41856,station1_2d,20,50,49.8889,-40.6042,-0.0134823,-50
9.43452,station1_2d,20,50,49.8894,-40.5835,-0.0136892,-50
9.45048,station1_2d,20,50,49.89,-40.5627,-0.0139046,-50
9.46645,station1_2d,20,50,49.8905,-40.5415,-0.0140894,-50
9.48241,station1_2d,20,50,49.8911,-40.5201,-0.0142928,-50
9.49837,station1_2d,20,50,49.8916,-40.4985,-0.0144821,-50
9.51434,station1_2d,20,50,49.8922,-40.4767,-0.0146544,-50
9.5303,station1_2d,20,50,49.8928,-40.4547,-0.0148441,-50
9.54626,station1_2d,20,50,49.8933,-40.4324,-0.0150533,-50
9.56223,station1_2d,20,50,49.8939,-40.41,-0.0152696,-50
9.57819,station1_2d,20,50,49.8945,-40.3873,-0.0154771,-50
9.59416,station1_2d,20,50,49.8951,-40.3645,-0.0156429,-50
9.61012,station1_2d,20,50,49.8957,-40.3414,-0.0158252,-50
9.62608,station1_2d,20,50,49.8963,-40.3181,-0.0160173,-50
9.64205,station1_2d,20,50,49.8969,-40.2946,-0.0161888,-50
9.65801,station1_2d,20,50,49.8976,-40.2709,-0.016355,-50
9.67397,station1_2d,20,50,49.8982,-40.247,-0.0165402,-50
9.68994,station1_2d,20,50,49.8988,-40.2229,-0.0167155,-50
9.7059,station1_2d,20,50,49.8995,-40.1985,-0.0169148,-50
9.72186,station1_2d,20,50,49.9001,-40.1739,-0.0170776,-50
9.73783,station1_2d,20,50,49.9008,-40.1492,-0.0172022,-50
9.75379,station1_2d,20,50,49.9014,-40.1242,-0.0173289,-50
9.76975,station1_2d,20,50,49.902,-40.099,-0.0174844,-50
9.78572,station1_2d,20,50,49.9027,-40.0736,-0.0176287,-50
9.80168,station1_2d,20,50,49.9033,-40.048,-0.0177353,-50
9.81765,station1_2d,20,50,49.904,-40.0221,-0.0178302,-50
9.83361,station1_2d,20,50,49.9046,-39.996,-0.0179128,-50
9.84957,station1_2d,20,50,49.9052,-39.9697,-0.017994,-50
9.86554,station1_2d,20,50,49.9059,-39.9432,-0.0180522,-50
9.8815,station1_2d,20,50,49.9065,-39.9165,-0.0181165,-50
9.89746,station1_2d,20,50,49.9071,-39.8895,-0.0182006,-50
9.91343,station1_2d,20,50,49.9077,-39.8622,-0.0182689,-50
9.92939,station1_2d,20,50,49.9083,-39.8348,-0.0183056,-50
9.94535,station1_2d,20,50,49.9089,-39.8071,-0.0183582,-50
9.96132,station1_2d,20,50,49.9095,-39.7791,-0.01838,-50
9.97728,station1_2d,20,50,49.91,-39.751,-0.0183932,-50
9.99324,station1_2d,20,50,49.9106,-39.7226,-0.0183857,-50
10.0092,station1_2d,20,50,49.9111,-39.6939,-0.0183854,-50
10.0252,station1_2d,20,50,49.9117,-39.665,-0.0183967,-50
10.0411,station1_2d,20,50,49.9122,-39.6358,-0.0183857,-50
10.0571,station1_2d,20,50,49.9127,-39.6065,-0.0183713,-50
10.0731,station1_2d,20,50,49.9132,-39.5768,-0.0183573,-50
10.089,station1_2d,20,50,49.9136,-39.5469,-0.0183198,-50
10.105,station1_2d,20,50,49.9141,-39.5168,-0.0183027,-50
10.121,station1_2d,20,50,49.9145,-39.4864,-0.0182752,-50
10.1369,station1_2d,20,50,49.915,-39.4558,-0.0181889,-50
10.1529,station1_2d,20,50,49.9154,-39.425,-0.0181211,-50
10.1688,station1_2d,20,50,49.9158,-39.3939,-0.0180513,-50
10.1848,station1_2d,20,50,49.9161,-39.3626,-0.0180223,-50
10.2008,station1_2d,20,50,49.9165,-39.3311,-0.0179738,-50
10.2167,station1_2d,20,50,49.9168,-39.2993,-0.0179482,-50
10.2327,station1_2d,20,50,49.9171,-39.2673,-0.0178725,-50
10.2487,station1_2d,20,50,49.9174,-39.2351,-0.0178212,-50
10.2646,station1_2d,20,50,49.9177,-39.2027,-0.017757,-50
10.2806,station1_2d,20,50,49.918,-39.17,-0.0177107,-50
10.2966,station1_2d,20,50,49.9182,-39.1372,-0.017641,-50
10.3125,station1_2d,20,50,49.9184,-39.1041,-0.0175762,-50
10.3285,station1_2d,20,50,49.9187,-39.0708,-0.0175085,-50
10.3444,station1_2d,20,50,49.9188,-39.0373,-0.0174605,-50
10.3604,station1_2d,20,50,49.919,-39.0037,-0.0174021,-50
10.3764,station1_2d,20,50,49.9192,-38.9698,-0.01736,-50
10.3923,station1_2d,20,50,49.9193,-38.9358,-0.017305,-50
10.4083,station1_2d,20,50,49.9195,-38.9016,-0.0172332,-50
10.4243,station1_2d,20,50,49.9196,-38.8673,-0.0171913,-50
10.4402,station1_2d,20,50,49.9197,-38.8328,-0.0171256,-50
10.4562,station1_2d,20,50,49.9198,-38.7982,-0.017067,-50
10.4722,station1_2d,20,50,49.9198,-38.7634,-0.0170365,-50
10.4881,station1_2d,20,50,49.9199,-38.7285,-0.0170226,-50
10.5041,station1_2d,20,50,49.9199,-38.6934,-0.0169998,-50
10.52,station1_2d,20,50,49.92,-38.6582,-0.0169726,-50
10.536,station1_2d,20,50,49.92,-38.6229,-0.0169596,-50
10.552,station1_2d,20,50,49.92,-38.5875,-0.0169285,-50
10.5679,station1_2d,20,50,49.92,-38.5519,-0.0169145,-50
10.5839,station1_2d,20,50,49.92,-38.5164,-0.0168851,-50
10.5999,station1_2d,20,50,49.92,-38.4807,-0.0168708,-50
10.6158,station1_2d,20,50,49.9199,-38.4449,-0.0168738,-50
10.6318,station1_2d,20,50,49.9199,-38.4091,-0.0168804,-50
10.6477,station1_2d,20,50,49.9199,-38.3732,-0.0168719,-50
10.6637,station1_2d,20,50,49.9198,-38.3373,-0.0168607,-50
10.6797,station1_2d,20,50,49.9198,-38.3013,-0.0168621,-50
10.6956,station1_2d,20,50,49.9197,-38.2652,-0.0168804,-50
10.7116,station1_2d,20,50,49.9196,-38.2292,-0.0169427,-50
10.7276,station1_2d,20,50,49.9196,-38.1931,-0.0169927,-50
10.7435,station1_2d,20,50,49.9195,-38.157,-0.017066,-50
10.7595,station1_2d,20,50,49.9194,-38.1209,-0.0171268,-50
10.7755,station1_2d,20,50,49.9193,-38.0848,-0.0172002,-50
10.7914,station1_2d,20,50,49.9193,-38.0487,-0.0172977,-50
10.8074,station1_2d,20,50,49.9192,-38.0127,-0.0173881,-50
10.8233,station1_2d,20,50,49.9191,-37.9768,-0.0174596,-50
10.8393,station1_2d,20,50,49.919,-37.9408,-0.0175007,-50
10.8553,station1_2d,20,50,49.9189,-37.9049,-0.0175959,-50
10.8712,station1_2d,20,50,49.9189,-37.8691,-0.0176545,-50
10.8872,station1_2d,20,50,49.9188,-37.8333,-0.0177751,-50
10.9032,station1_2d,20,50,49.9187,-37.7976,-0.0178677,-50
10.9191,station1_2d,20,50,49.9186,-37.762,-0.0179587,-50
10.9351,station1_2d,20,50,49.9185,-37.7265,-0.0180609,-50
10.9511,station1_2d,20,50,49.9184,-37.6911,-0.0181782,-50
10.967,station1_2d,20,50,49.9184,-37.6558,-0.018344,-50
10.983,station1_2d,20,50,49.9183,-37.6207,-0.018497,-50
10.9989,station1_2d,20,50,49.9182,-37.5856,-0.0186781,-50
11.0149,station1_2d,20,50,49.9181,-37.5507,-0.0188351,-50
11.0309,station1_2d,20,50,49.9181,-37.5159,-0.0189958,-50
11.0468,station1_2d,20,50,49.918,-37.4813,-0.0191424,-50
11.0628,station1_2d,20,50,49.9179,-37.4468,-0.0193041,-50
11.0788,station1_2d,20,50,49.9179,-37.4125,-0.0194431,-50
11.0947,station1_2d,20,50,49.9178,-37.3783,-0.0195726,-50
11.1107,station1_2d,20,50,49.9177,-37.3443,-0.0196963,-50
11.1267,station1_2d,20,50,49.9177,-37.3105,-0.019842,-50
11.1426,station1_2d,20,50,49.9176,-37.2769,-0.0200043,-50
11.1586,station1_2d,20,50,49.9176,-37.2434,-0.020164,-50
11.1745,station1_2d,20,50,49.9175,-37.2102,-0.0203508,-50
11.1905,station1_2d,20,50,49.9175,-37.1772,-0.0205158,-50
11.2065,station1_2d,20,50,49.9175,-37.1444,-0.0206727,-50
11.2224,station1_2d,20,50,49.9174,-37.1118,-0.0208298,-50
11.2384,station1_2d,20,50,49.9174,-37.0794,-0.020984,-50
11.2544,station1_2d,20,50,49.9174,-37.0472,-0.0211256,-50
11.2703,station1_2d,20,50,49.9174,-37.0152,-0.0213079,-50
11.2863,station1_2d,20,50,49.9173,-36.9834,-0.0214827,-50
11.3023,station1_2d,20,50,49.9173,-36.9519,-0.0216623,-50
11.3182,station1_2d,20,50,49.9173,-36.9205,-0.0217905,-50
11.3342,station1_2d,20,50,49.9173,-36.8894,-0.0219284,-50
11.3501,station1_2d,20,50,49.9173,-36.8585,-0.0220795,-50
11.3661,station1_2d,20,50,49.9173,-36.8279,-0.0222576,-50
11.3821,station1_2d,20,50,49.9173,-36.7974,-0.0224214,-50
11.398,station1_2d,20,50,49.9173,-36.7672,-0.0226033,-50
11.414,station1_2d,20,50,49.9173,-36.7371,-0.022808,-50
11.43,station1_2d,20,50,49.9173,-36.7073,-0.0230001,-50
11.4459,station1_2d,20,50,49.9173,-36.6777,-0.0231654,-50
11.4619,station1_2d,20,50,49.9174,-36.6484,-0.0233106,-50
11.4779,station1_2d,20,50,49.9174,-36.6193,-0.0234857,-50
11.4938,station1_2d,20,50,49.9174,-36.5903,-0.0236461,-50
11.5098,station1_2d,20,50,49.9174,-36.5616,-0.0237936,-50
11.5257,station1_2d,20,50,49.9175,-36.5331,-0.0239624,-50
11.5417,station1_2d,20,50,49.9175,-36.5047,-0.0241362,-50
11.5577,station1_2d,20,50,49.9175,-36.4766,-0.0242992,-50
11.5736,station1_2d,20,50,49.9176,-36.4487,-0.0244425,-50
11.5896,station1_2d,20,50,49.9176,-36.421,-0.0245816,-50
11.6056,station1_2d,20,50,49.9177,-36.3934,-0.0247435,-50
11.6215,station1_2d,20,50,49.9177,-36.3661,-0.0249062,-50
11.6375,station1_2d,20,50,49.9178,-36.3389,-0.0250646,-50
11.6535,station1_2d,20,50,49.9178,-36.3119,-0.0252183,-50
11.6694,station1_2d,20,50,49.9179,-36.285,-0.0253729,-50
11.6854,station1_2d,20,50,49.918,-36.2583,-0.0255259,-50
11.7013,station1_2d,20,50,49.918,-36.2318,-0.0256789,-50
11.7173,station1_2d,20,50,49.9181,-36.2054,-0.0258371,-50
11.7333,station1_2d,20,50,49.9182,-36.1791,-0.0259698,-50
11.7492,station1_2d,20,50,49.9182,-36.153,-0.0261213,-50
11.7652,station1_2d,20,50,49.9183,-36.127,-0.0262432,-50
11.7812,station1_2d,20,50,49.9184,-36.1012,-0.0263975,-50
11.7971,station1_2d,20,50,49.9185,-36.0755,-0.0265449,-50
11.8131,station1_2d,20,50,49.9185,-36.0499,-0.0266772,-50
11.8291,station1_2d,20,50,49.9186,-36.0244,-0.0267763,-50
11.845,station1_2d,20,50,49.9187,-35.999,-0.0268828,-50
11.861,station1_2d,20,50,49.9188,-35.9737,-0.0270393,-50
11.8769,station1_2d,20,50,49.9189,-35.9486,-0.0271536,-50
11.8929,station1_2d,20,50,49.919,-35.9235,-0.0272469,-50
11.9089,station1_2d,20,50,49.9191,-35.8985,-0.0273579,-50
11.9248,station1_2d,20,50,49.9192,-35.8737,-0.0274848,-50
11.9408,station1_2d,20,50,49.9193,-35.8488,-0.0276383,-50
11.9568,station1_2d,20,50,49.9194,-35.8241,-0.0277758,-50
11.9727,station1_2d,20,50,49.9195,-35.7994,-0.0278997,-50
11.9887,station1_2d,20,50,49.9196,-35.7748,-0.0280232,-50
12.0047,station1_2d,20,50,49.9197,-35.7503,-0.0281458,-50
12.0206,station1_2d,20,50,49.9198,-35.7258,-0.0282623,-50
12.0366,station1_2d,20,50,49.9199,-35.7013,-0.0283679,-50
12.0525,station1_2d,20,50,49.92,-35.677,-0.0284592,-50
12.0685,station1_2d,20,50,49.9201,-35.6526,-0.0285322,-50
12.0845,station1_2d,20,50,49.9203,-35.6283,-0.0285874,-50
12.1004,station1_2d,20,50,49.9204,-35.604,-0.0286884,-50
12.1164,station1_2d,20,50,49.9205,-35.5799,-0.0287724,-50
12.1324,station1_2d,20,50,49.9206,-35.5558,-0.0288659,-50
12.1483,station1_2d,20,50,49.9207,-35.5316,-0.0289347,-50
12.1643,station1_2d,20,50,49.9209,-35.5075,-0.0290101,-50
12.1803,station1_2d,20,50,49.921,-35.4835,-0.0291053,-50
12.1962,station1_2d,20,50,49.9211,-35.4594,-0.0291932,-50
12.2122,station1_2d,20,50,49.9212,-35.4354,-0.0292867,-50
12.2281,station1_2d,20,50,49.9214,-35.4114,-0.0293575,-50
12.2441,station1_2d,20,50,49.9215,-35.3874,-0.0294227,-50
12.2601,station1_2d,20,50,49.9216,-35.3635,-0.0295,-50
12.276,station1_2d,20,50,49.9217,-35.3396,-0.0295245,-50
12.292,station1_2d,20,50,49.9219,-35.3157,-0.0295969,-50
12.308,station1_2d,20,50,49.922,-35.2918,-0.029665,-50
12.3239,station1_2d,20,50,49.9221,-35.2679,-0.0297053,-50
12.3399,station1_2d,20,50,49.9223,-35.244,-0.029777,-50
12.3559,station1_2d,20,50,49.9224,-35.2201,-0.0298532,-50
12.3718,station1_2d,20,50,49.9226,-35.1963,-0.0299391,-50
12.3878,station1_2d,20,50,49.9227,-35.1724,-0.0300486,-50
12.4037,station1_2d,20,50,49.9229,-35.1486,-0.0301296,-50
12.4197,station1_2d,20,50,49.923,-35.1247,-0.0301915,-50
12.4357,station1_2d,20,50,49.9232,-35.1009,-0.0302459,-50
12.4516,station1_2d,20,50,49.9233,-35.0771,-0.0303095,-50
12.4676,station1_2d,20,50,49.9235,-35.0532,-0.0303315,-50
12.4836,station1_2d,20,50,49.9236,-35.0294,-0.0304012,-50
12.4995,station1_2d,20,50,49.9238,-35.0056,-0.0304491,-50
12.5155,station1_2d,20,50,49.9239,-34.9818,-0.0305086,-50
12.5314,station1_2d,20,50,49.9241,-34.9579,-0.0305551,-50
12.5474,station1_2d,20,50,49.9242,-34.9341,-0.0305915,-50
12.5634,station1_2d,20,50,49.9244,-34.9103,-0.0306296,-50
12.5793,station1_2d,20,50,49.9246,-34.8865,-0.0306815,-50
12.5953,station1_2d,20,50,49.9247,-34.8627,-0.0307454,-50
12.6113,station1_2d,20,50,49.9249,-34.8389,-0.0307766,-50
12.6272,station1_2d,20,50,49.9251,-34.8151,-0.0308395,-50
12.6432,station1_2d,20,50,49.9252,-34.7912,-0.0308498,-50
12.6592,station1_2d,20,50,49.9254,-34.7674,-0.0308816,-50
12.6751,station1_2d,20,50,49.9256,-34.7436,-0.0309605,-50
12.6911,station1_2d,20,50,49.9257,-34.7197,-0.0310049,-50
12.707,station1_2d,20,50,49.9259,-34.6959,-0.0310287,-50
12.723,station1_2d,20,50,49.9261,-34.6721,-0.0310719,-50
12.739,station1_2d,20,50,49.9263,-34.6482,-0.0311144,-50
12.7549,station1_2d,20,50,49.9264,-34.6243,-0.031147,-50
12.7709,station1_2d,20,50,49.9266,-34.6004,-0.0311854,-50
12.7869,station1_2d,20,50,49.9268,-34.5765,-0.0312489,-50
12.8028,station1_2d,20,50,49.9269,-34.5525,-0.0312875,-50
12.8188,station1_2d,20,50,49.9271,-34.5286,-0.0313282,-50
12.8348,station1_2d,20,50,49.9273,-34.5046,-0.0314009,-50
12.8507,station1_2d,20,50,49.9274,-34.4806,-0.0314721,-50
12.8667,station1_2d,20,50,49.9276,-34.4566,-0.0315324,-50
12.8826,station1_2d,20,50,49.9278,-34.4325,-0.0315977,-50
12.8986,station1_2d,20,50,49.9279,-34.4085,-0.0316406,-50
12.9146,station1_2d,20,50,49.9281,-34.3844,-0.0316974,-50
12.9305,station1_2d,20,50,49.9283,-34.3602,-0.0317552,-50
12.9465,station1_2d,20,50,49.9284,-34.3361,-0.0318058,-50
12.9625,station1_2d,20,50,49.9286,-34.3119,-0.0318514,-50
12.9784,station1_2d,20,50,49.9287,-34.2877,-0.0318555,-50
12.9944,station1_2d,20,50,49.9289,-34.2634,-0.0319102,-50
13.0104,station1_2d,20,50,49.929,-34.2391,-0.0319441,-50
13.0263,station1_2d,20,50,49.9292,-34.2148,-0.0319929,-50
13.0423,station1_2d,20,50,49.9293,-34.1905,-0.0320044,-50
13.0582,station1_2d,20,50,49.9295,-34.1661,-0.0320146,-50
13.0742,station1_2d,20,50,49.9296,-34.1417,-0.0320577,-50
13.0902,station1_2d,20,50,49.9298,-34.1172,-0.0320822,-50
13.1061,station1_2d,20,50,49.9299,-34.0927,-0.032117,-50
13.1221,station1_2d,20,50,49.93,-34.0682,-0.0321685,-50
13.1381,station1_2d,20,50,49.9301,-34.0436,-0.0322257,-50
13.154,station1_2d,20,50,49.9303,-34.019,-0.0322609,-50
13.17,station1_2d,20,50,49.9304,-33.9943,-0.032282,-50
13.186,station1_2d,20,50,49.9305,-33.9697,-0.0323285,-50
13.2019,station1_2d,20,50,49.9306,-33.945,-0.0323606,-50
13.2179,station1_2d,20,50,49.9307,-33.9202,-0.0324136,-50
13.2338,station1_2d,20,50,49.9308,-33.8954,-0.0324873,-50
13.2498,station1_2d,20,50,49.9309,-33.8705,-0.0325464,-50
13.2658,station1_2d,20,50,49.931,-33.8456,-0.0325926,-50
13.2817,station1_2d,20,50,49.9311,-33.8207,-0.0326246,-50
13.2977,station1_2d,20,50,49.9312,-33.7957,-0.0326422,-50
13.3137,station1_2d,20,50,49.9313,-33.7707,-0.0327024,-50
13.3296,station1_2d,20,50,49.9313,-33.7457,-0.0327729,-50
13.3456,station1_2d,20,50,49.9314,-33.7206,-0.032795,-50
13.3616,station1_2d,20,50,49.9315,-33.6954,-0.0328665,-50
13.3775,station1_2d,20,50,49.9315,-33.6703,-0.0328869,-50
13.3935,station1_2d,20,50,49.9316,-33.6451,-0.0329242,-50
13.4094,station1_2d,20,50,49.9317,-33.6199,-0.0329611,-50
13.4254,station1_2d,20,50,49.9317,-33.5946,-0.0330407,-50
13.4414,station1_2d,20,50,49.9318,-33.5693,-0.0330684,-50
13.4573,station1_2d,20,50,49.9318,-33.544,-0.0331056,-50
13.4733,station1_2d,20,50,49.9318,-33.5187,-0.0331568,-50
13.4893,station1_2d,20,50,49.9319,-33.4933,-0.0331868,-50
13.5052,station1_2d,20,50,49.9319,-33.4679,-0.0331946,-50
13.5212,station1_2d,20,50,49.9319,-33.4425,-0.0332382,-50
13.5372,station1_2d,20,50,49.932,-33.4171,-0.0332742,-50
13.5531,station1_2d,20,50,49.932,-33.3916,-0.0332986,-50
13.5691,station1_2d,20,50,49.932,-33.3662,-0.0333188,-50
13.585,station1_2d,20,50,49.932,-33.3407,-0.033358,-50
13.601,station1_2d,20,50,49.932,-33.3152,-0.0334129,-50
13.617,station1_2d,20,50,49.9321,-33.2897,-0.0334545,-50
13.6329,station1_2d,20,50,49.9321,-33.2642,-0.0335138,-50
13.6489,station1_2d,20,50,49.9321,-33.2387,-0.0335413,-50
13.6649,station1_2d,20,50,49.9321,-33.2131,-0.0335573,-50
13.6808,station1_2d,20,50,49.9321,-33.1876,-0.0335939,-50
13.6968,station1_2d,20,50,49.9321,-33.162,-0.0336309,-50
13.7128,station1_2d,20,50,49.9321,-33.1365,-0.0336712,-50
13.7287,station1_2d,20,50,49.9321,-33.1109,-0.0336955,-50
13.7447,station1_2d,20,50,49.9321,-33.0854,-0.0337512,-50
13.7606,station1_2d,20,50,49.9321,-33.0599,-0.0338315,-50
13.7766,station1_2d,20,50,49.9321,-33.0344,-0.0338746,-50
13.7926,station1_2d,20,50,49.932,-33.0089,-0.0339054,-50
13.8085,station1_2d,20,50,49.932,-32.9834,-0.0339514,-50
13.8245,station1_2d,20,50,49.932,-32.9579,-0.0339783,-50
13.8405,station1_2d,20,50,49.932,-32.9325,-0.0340061,-50
13.8564,station1_2d,20,50,49.932,-32.9071,-0.0340516,-50
13.8724,station1_2d,20,50,49.932,-32.8816,-0.0340623,-50
13.8884,station1_2d,20,50,49.932,-32.8562,-0.0341021,-50
13.9043,station1_2d,20,50,49.9319,-32.8308,-0.0341244,-50
13.9203,station1_2d,20,50,49.9319,-32.8054,-0.0341727,-50
13.9362,station1_2d,20,50,49.9319,-32.7801,-0.0342178,-50
13.9522,station1_2d,20,50,49.9319,-32.7549,-0.0342785,-50
13.9682,station1_2d,20,50,49.9319,-32.7297,-0.0343283,-50
13.9841,station1_2d,20,50,49.9319,-32.7045,-0.0343616,-50
14.0001,station1_2d,20,50,49.9319,-32.6793,-0.0343993,-50
14.0161,station1_2d,20,50,49.9318,-32.6541,-0.034438,-50
14.032,station1_2d,20,50,49.9318,-32.629,-0.0345077,-50
14.048,station1_2d,20,50,49.9318,-32.604,-0.034533,-50
14.064,station1_2d,20,50,49.9318,-32.579,-0.0345464,-50
14.0799,station1_2d,20,50,49.9318,-32.554,-0.0345912,-50
14.0959,station1_2d,20,50,49.9318,-32.529,-0.0346085,-50
14.1118,station1_2d,20,50,49.9318,-32.5042,-0.0346447,-50
14.1278,station1_2d,20,50,49.9317,-32.4793,-0.0346919,-50
14.1438,station1_2d,20,50,49.9317,-32.4545,-0.0347183,-50
14.1597,station1_2d,20,50,49.9317,-32.4297,-0.0347443,-50
14.1757,station1_2d,20,50,49.9317,-32.4051,-0.0347755,-50
14.1917,station1_2d,20,50,49.9317,-32.3804,-0.0348232,-50
14.2076,station1_2d,20,50,49.9317,-32.3558,-0.0348207,-50
14.2236,station1_2d,20,50,49.9317,-32.3313,-0.0348453,-50
14.2395,station1_2d,20,50,49.9317,-32.3069,-0.0348718,-50
14.2555,station1_2d,20,50,49.9317,-32.2824,-0.0349147,-50
14.2715,station1_2d,20,50,49.9317,-32.2581,-0.034953,-50
14.2874,station1_2d,20,50,49.9317,-32.2337,-0.0349903,-50
14.3034,station1_2d,20,50,49.9317,-32.2095,-0.0349996,-50
14.3194,station1_2d,20,50,49.9317,-32.1853,-0.0350559,-50
14.3353,station1_2d,20,50,49.9317,-32.1611,-0.0351154,-50
14.3513,station1_2d,20,50,49.9317,-32.137,-0.0351897,-50
14.3673,station1_2d,20,50,49.9317,-32.113,-0.0351872,-50
14.3832,station1_2d,20,50,49.9317,-32.0891,-0.0352223,-50
14.3992,station1_2d,20,50,49.9317,-32.0652,-0.0352729,-50
14.4151,station1_2d,20,50,49.9317,-32.0413,-0.0353023,-50
14.4311,station1_2d,20,50,49.9317,-32.0176,-0.0353182,-50
14.4471,station1_2d,20,50,49.9317,-31.9939,-0.0353562,-50
14.463,station1_2d,20,50,49.9317,-31.9702,-0.0353688,-50
14.479,station1_2d,20,50,49.9317,-31.9466,-0.0354098,-50
14.495,station1_2d,20,50,49.9318,-31.9231,-0.0354433,-50
14.5109,station1_2d,20,50,49.9318,-31.8996,-0.0354432,-50
14.5269,station1_2d,20,50,49.9318,-31.8762,-0.035477,-50
14.5429,station1_2d,20,50,49.9318,-31.8529,-0.0354883,-50
14.5588,station1_2d,20,50,49.9318,-31.8295,-0.0355327,-50
14.5748,station1_2d,20,50,49.9319,-31.8063,-0.035574,-50
14.5907,station1_2d,20,50,49.9319,-31.7831,-0.0356325,-50
14.6067,station1_2d,20,50,49.9319,-31.76,-0.0356929,-50
14.6227,station1_2d,20,50,49.9319,-31.7369,-0.0357097,-50
14.6386,station1_2d,20,50,49.9319,-31.7139,-0.0357478,-50
14.6546,station1_2d,20,50,49.9319,-31.691,-0.0357955,-50
14.6706,station1_2d,20,50,49.932,-31.6681,-0.0358516,-50
14.6865,station1_2d,20,50,49.932,-31.6452,-0.0358705,-50
14.7025,station1_2d,20,50,49.932,-31.6225,-0.0358908,-50
14.7185,station1_2d,20,50,49.932,-31.5998,-0.0359356,-50
14.7344,station1_2d,20,50,49.9321,-31.5771,-0.0359594,-50
14.7504,station1_2d,20,50,49.9321,-31.5545,-0.0359851,-50
14.7663,station1_2d,20,50,49.9321,-31.532,-0.0360298,-50
14.7823,station1_2d,20,50,49.9322,-31.5095,-0.0360941,-50
14.7983,station1_2d,20,50,49.9322,-31.487,-0.0361407,-50
14.8142,station1_2d,20,50,49.9322,-31.4646,-0.0361681,-50
14.8302,station1_2d,20,50,49.9323,-31.4422,-0.0361674,-50
14.8462,station1_2d,20,50,49.9323,-31.4199,-0.036186,-50
14.8621,station1_2d,20,50,49.9323,-31.3977,-0.0362043,-50
14.8781,station1_2d,20,50,49.9324,-31.3754,-0.0362424,-50
14.8941,station1_2d,20,50,49.9324,-31.3532,-0.0362463,-50
14.91,station1_2d,20,50,49.9324,-31.331,-0.036276,-50
14.926,station1_2d,20,50,49.9324,-31.309,-0.0363214,-50
14.9419,station1_2d,20,50,49.9325,-31.2869,-0.0363798,-50
14.9579,station1_2d,20,50,49.9325,-31.2649,-0.0364226,-50
14.9739,station1_2d,20,50,49.9325,-31.243,-0.0364752,-50
14.9898,station1_2d,20,50,49.9326,-31.221,-0.0364839,-50
15.0058,station1_2d,20,50,49.9326,-31.1991,-0.0365365,-50
15.0218,station1_2d,20,50,49.9326,-31.1773,-0.0365801,-50
15.0377,station1_2d,20,50,49.9327,-31.1555,-0.0365941,-50
15.0537,station1_2d,20,50,49.9327,-31.1337,-0.0366292,-50
15.0697,station1_2d,20,50,49.9327,-31.112,-0.0366882,-50
15.0856,station1_2d,20,50,49.9328,-31.0903,-0.036731,-50
15.1016,station1_2d,20,50,49.9328,-31.0686,-0.0367373,-50
15.1175,station1_2d,20,50,49.9328,-31.0469,-0.036758,-50
15.1335,station1_2d,20,50,49.9329,-31.0253,-0.0367976,-50
15.1495,station1_2d,20,50,49.9329,-31.0037,-0.0368312,-50
15.1654,station1_2d,20,50,49.9329,-30.9822,-0.0368645,-50
15.1814,station1_2d,20,50,49.933,-30.9606,-0.0368747,-50
15.1974,station1_2d,20,50,49.933,-30.9391,-0.0369301,-50
15.2133,station1_2d,20,50,49.933,-30.9176,-0.0369862,-50
15.2293,station1_2d,20,50,49.9331,-30.8961,-0.0370333,-50
15.2453,station1_2d,20,50,49.9331,-30.8747,-0.0370839,-50
15.2612,station1_2d,20,50,49.9331,-30.8533,-0.0371302,-50
15.2772,station1_2d,20,50,49.9332,-30.8319,-0.0371422,-50
15.2931,station1_2d,20,50,49.9332,-30.8105,-0.0371819,-50
15.3091,station1_2d,20,50,49.9332,-30.7892,-0.0371837,-50
15.3251,station1_2d,20,50,49.9332,-30.7678,-0.037227,-50
15.341,station1_2d,20,50,49.9333,-30.7466,-0.0372504,-50
15.357,station1_2d,20,50,49.9333,-30.7253,-0.0372791,-50
15.373,station1_2d,20,50,49.9333,-30.7041,-0.0373329,-50
15.3889,station1_2d,20,50,49.9334,-30.6829,-0.037392,-50
15.4049,station1_2d,20,50,49.9334,-30.6617,-0.0374158,-50
15.4209,station1_2d,20,50,49.9334,-30.6405,-0.0374317,-50
15.4368,station1_2d,20,50,49.9335,-30.6193,-0.0374704,-50
15.4528,station1_2d,20,50,49.9335,-30.5982,-0.0374739,-50
15.4687,station1_2d,20,50,49.9335,-30.5771,-0.037486,-50
15.4847,station1_2d,20,50,49.9336,-30.556,-0.0375203,-50
15.5007,station1_2d,20,50,49.9336,-30.5349,-0.0375082,-50
15.5166,station1_2d,20,50,49.9336,-30.5138,-0.0375369,-50
15.5326,station1_2d,20,50,49.9336,-30.4928,-0.0375804,-50
15.5486,station1_2d,20,50,49.9337,-30.4718,-0.037588,-50
15.5645,station1_2d,20,50,49.9337,-30.4507,-0.0376363,-50
15.5805,station1_2d,20,50,49.9337,-30.4298,-0.0376687,-50
15.5965,station1_2d,20,50,49.9338,-30.4088,-0.0376928,-50
15.6124,station1_2d,20,50,49.9338,-30.3879,-0.0377171,-50
15.6284,station1_2d,20,50,49.9338,-30.3669,-0.0377606,-50
15.6443,station1_2d,20,50,49.9338,-30.346,-0.0378093,-50
15.6603,station1_2d,20,50,49.9339,-30.3251,-0.0378491,-50
15.6763,station1_2d,20,50,49.9339,-30.3042,-0.0379044,-50
15.6922,station1_2d,20,50,49.9339,-30.2834,-0.037938,-50
15.7082,station1_2d,20,50,49.934,-30.2626,-0.0380015,-50
15.7242,station1_2d,20,50,49.934,-30.2417,-0.0380334,-50
15.7401,station1_2d,20,50,49.934,-30.2209,-0.0380503,-50
15.7561,station1_2d,20,50,49.9341,-30.2002,-0.0380728,-50
15.7721,station1_2d,20,50,49.9341,-30.1794,-0.0380783,-50
15.788,station1_2d,20,50,49.9341,-30.1586,-0.0380997,-50
15.804,station1_2d,20,50,49.9341,-30.1379,-0.0381031,-50
15.8199,station1_2d,20,50,49.9342,-30.1172,-0.0381371,-50
15.8359,station1_2d,20,50,49.9342,-30.0965,-0.0381498,-50
15.8519,station1_2d,20,50,49.9342,-30.0758,-0.0381809,-50
15.8678,station1_2d,20,50,49.9343,-30.0551,-0.0381787,-50
15.8838,station1_2d,20,50,49.9343,-30.0344,-0.0382184,-50
15.8998,station1_2d,20,50,49.9343,-30.0138,-0.0382412,-50
15.9157,station1_2d,20,50,49.9343,-29.9931,-0.0382747,-50
15.9317,station1_2d,20,50,49.9344,-29.9726,-0.0383254,-50
15.9476,station1_2d,20,50,49.9344,-29.952,-0.0383687,-50
15.9636,station1_2d,20,50,49.9344,-29.9314,-0.0383754,-50
15.9796,station1_2d,20,50,49.9345,-29.9109,-0.0383974,-50
15.9955,station1_2d,20,50,49.9345,-29.8903,-0.0384409,-50
16.0115,station1_2d,20,50,49.9345,-29.8698,-0.0384781,-50
16.0275,station1_2d,20,50,49.9346,-29.8493,-0.0385127,-50
16.0434,station1_2d,20,50,49.9346,-29.8288,-0.0385282,-50
16.0594,station1_2d,20,50,49.9346,-29.8084,-0.0385534,-50
16.0754,station1_2d,20,50,49.9346,-29.7879,-0.0385715,-50
16.0913,station1_2d,20,50,49.9347,-29.7674,-0.0386283,-50
16.1073,station1_2d,20,50,49.9347,-29.747,-0.0386427,-50
16.1233,station1_2d,20,50,49.9347,-29.7266,-0.038643,-50
16.1392,station1_2d,20,50,49.9348,-29.7062,-0.0386422,-50
16.1552,station1_2d,20,50,49.9348,-29.6858,-0.0386685,-50
16.1712,station1_2d,20,50,49.9348,-29.6654,-0.0386959,-50
16.1871,station1_2d,20,50,49.9349,-29.6451,-0.0386973,-50
16.2031,station1_2d,20,50,49.9349,-29.6248,-0.0387123,-50
16.219,station1_2d,20,50,49.9349,-29.6045,-0.0387295,-50
16.235,station1_2d,20,50,49.9349,-29.5842,-0.0387724,-50
16.251,station1_2d,20,50,49.935,-29.564,-0.0387957,-50
16.2669,station1_2d,20,50,49.935,-29.5437,-0.0387961,-50
16.2829,station1_2d,20,50,49.935,-29.5234,-0.0388094,-50
16.2989,station1_2d,20,50,49.935,-29.5032,-0.0388125,-50
16.3148,station1_2d,20,50,49.9351,-29.4829,-0.038825,-50
16.3308,station1_2d,20,50,49.9351,-29.4627,-0.0388392,-50
16.3468,station1_2d,20,50,49.9351,-29.4425,-0.0388455,-50
16.3627,station1_2d,20,50,49.9351,-29.4223,-0.038854,-50
16.3787,station1_2d,20,50,49.9352,-29.4021,-0.0388716,-50
16.3947,station1_2d,20,50,49.9352,-29.382,-0.0388947,-50
16.4106,station1_2d,20,50,49.9352,-29.3618,-0.038914,-50
16.4266,station1_2d,20,50,49.9352,-29.3416,-0.0389211,-50
16.4425,station1_2d,20,50,49.9353,-29.3216,-0.0389234,-50
16.4585,station1_2d,20,50,49.9353,-29.3015,-0.0389398,-50
16.4745,station1_2d,20,50,49.9353,-29.2814,-0.0389476,-50
16.4904,station1_2d,20,50,49.9353,-29.2613,-0.0389699,-50
16.5064,station1_2d,20,50,49.9353,-29.2412,-0.0390014,-50
16.5224,station1_2d,20,50,49.9354,-29.2212,-0.0390411,-50
16.5383,station1_2d,20,50,49.9354,-29.2012,-0.0390579,-50
16.5543,station1_2d,20,50,49.9354,-29.1812,-0.0390832,-50
16.5703,station1_2d,20,50,49.9354,-29.1612,-0.0390817,-50
16.5862,station1_2d,20,50,49.9355,-29.1412,-0.0391082,-50
16.6022,station1_2d,20,50,49.9355,-29.1212,-0.0390909,-50
16.6182,station1_2d,20,50,49.9355,-29.1013,-0.0390846,-50
16.6341,station1_2d,20,50,49.9355,-29.0814,-0.0390749,-50
16.6501,station1_2d,20,50,49.9355,-29.0615,-0.0390508,-50
16.666,station1_2d,20,50,49.9355,-29.0416,-0.0390772,-50
16.682,station1_2d,20,50,49.9356,-29.0217,-0.0390933,-50
16.698,station1_2d,20,50,49.9356,-29.0018,-0.0391329,-50
16.7139,station1_2d,20,50,49.9356,-28.9819,-0.0391329,-50
16.7299,station1_2d,20,50,49.9356,-28.962,-0.039144,-50
16.7459,station1_2d,20,50,49.9356,-28.9422,-0.0391357,-50
16.7618,station1_2d,20,50,49.9356,-28.9224,-0.0391383,-50
16.7778,station1_2d,20,50,49.9356,-28.9026,-0.0391533,-50
16.7938,station1_2d,20,50,49.9357,-28.8828,-0.0391958,-50
16.8097,station1_2d,20,50,49.9357,-28.8631,-0.0392034,-50
16.8257,station1_2d,20,50,49.9357,-28.8433,-0.0392101,-50
16.8417,station1_2d,20,50,49.9357,-28.8236,-0.0392118,-50
16.8576,station1_2d,20,50,49.9357,-28.8039,-0.0391842,-50
16.8736,station1_2d,20,50,49.9357,-28.7842,-0.0391845,-50
16.8896,station1_2d,20,50,49.9357,-28.7645,-0.0391974,-50
16.9055,station1_2d,20,50,49.9357,-28.7448,-0.0392335,-50
16.9215,station1_2d,20,50,49.9358,-28.7252,-0.0392313,-50
16.9374,station1_2d,20,50,49.9358,-28.7056,-0.0392203,-50
16.9534,station1_2d,20,50,49.9358,-28.686,-0.0392332,-50
16.9694,station1_2d,20,50,49.9358,-28.6664,-0.0392356,-50
16.9853,station1_2d,20,50,49.9358,-28.6468,-0.03923,-50
17.0013,station1_2d,20,50,49.9358,-28.6272,-0.039244,-50
17.0173,station1_2d,20,50,49.9358,-28.6077,-0.0392697,-50
17.0332,station1_2d,20,50,49.9358,-28.5882,-0.0392887,-50
17.0492,station1_2d,20,50,49.9358,-28.5687,-0.0392993,-50
17.0652,station1_2d,20,50,49.9358,-28.5492,-0.0393033,-50
17.0811,station1_2d,20,50,49.9358,-28.5297,-0.0392814,-50
17.0971,station1_2d,20,50,49.9359,-28.5103,-0.0392547,-50
17.1131,station1_2d,20,50,49.9359,-28.4909,-0.0392868,-50
17.129,station1_2d,20,50,49.9359,-28.4715,-0.0392952,-50
17.145,station1_2d,20,50,49.9359,-28.4521,-0.0392915,-50
17.1609,station1_2d,20,50,49.9359,-28.4328,-0.0393013,-50
17.1769,station1_2d,20,50,49.9359,-28.4134,-0.0393344,-50
17.1929,station1_2d,20,50,49.9359,-28.3941,-0.0393772,-50
17.2088,station1_2d,20,50,49.9359,-28.3748,-0.0394108,-50
17.2248,station1_2d,20,50,49.9359,-28.3555,-0.0394001,-50
17.2408,station1_2d,20,50,49.9359,-28.3363,-0.0394079,-50
17.2567,station1_2d,20,50,49.9359,-28.317,-0.0393948,-50
17.2727,station1_2d,20,50,49.9359,-28.2978,-0.0394014,-50
17.2887,station1_2d,20,50,49.9359,-28.2786,-0.0394275,-50
17.3046,station1_2d,20,50,49.9359,-28.2595,-0.0394376,-50
17.3206,station1_2d,20,50,49.936,-28.2404,-0.039465,-50
17.3366,station1_2d,20,50,49.936,-28.2213,-0.0395015,-50
17.3525,station1_2d,20,50,49.936,-28.2022,-0.0395555,-50
17.3685,station1_2d,20,50,49.936,-28.1831,-0.0395668,-50
17.3845,station1_2d,20,50,49.936,-28.1641,-0.0395499,-50
17.4004,station1_2d,20,50,49.936,-28.145,-0.0395504,-50
17.4164,station1_2d,20,50,49.936,-28.126,-0.0395581,-50
17.4323,station1_2d,20,50,49.936,-28.107,-0.0395666,-50
17.4483,station1_2d,20,50,49.936,-28.088,-0.0395978,-50
17.4643,station1_2d,20,50,49.936,-28.0691,-0.039642,-50
17.4802,station1_2d,20,50,49.936,-28.0502,-0.0396928,-50
17.4962,station1_2d,20,50,49.936,-28.0313,-0.0396817,-50
17.5122,station1_2d,20,50,49.936,-28.0125,-0.0396497,-50
17.5281,station1_2d,20,50,49.936,-27.9937,-0.03964,-50
17.5441,station1_2d,20,50,49.9361,-27.9748,-0.0396485,-50
17.5601,station1_2d,20,50,49.9361,-27.9561,-0.0396852,-50
17.576,station1_2d,20,50,49.9361,-27.9373,-0.0397145,-50
17.592,station1_2d,20,50,49.9361,-27.9186,-0.0397387,-50
17.608,station1_2d,20,50,49.9361,-27.8998,-0.0397289,-50
17.6239,station1_2d,20,50,49.9361,-27.8811,-0.0397338,-50
17.6399,station1_2d,20,50,49.9361,-27.8625,-0.0397524,-50
17.6558,station1_2d,20,50,49.9361,-27.8438,-0.0397684,-50
17.6718,station1_2d,20,50,49.9361,-27.8252,-0.0397949,-50
17.6878,station1_2d,20,50,49.9361,-27.8066,-0.0398218,-50
17.7037,station1_2d,20,50,49.9361,-27.788,-0.0398475,-50
17.7197,station1_2d,20,50,49.9361,-27.7695,-0.0398699,-50
17.7357,station1_2d,20,50,49.9361,-27.751,-0.0398671,-50
17.7516,station1_2d,20,50,49.9361,-27.7325,-0.0399069,-50
17.7676,station1_2d,20,50,49.9362,-27.7141,-0.0399193,-50
17.7836,station1_2d,20,50,49.9362,-27.6956,-0.039927,-50
17.7995,station1_2d,20,50,49.9362,-27.6772,-0.0399505,-50
17.8155,station1_2d,20,50,49.9362,-27.6588,-0.0399536,-50
17.8315,station1_2d,20,50,49.9362,-27.6404,-0.0399296,-50
17.8474,station1_2d,20,50,49.9362,-27.622,-0.0399209,-50
17.8634,station1_2d,20,50,49.9362,-27.6037,-0.0399099,-50
17.8794,station1_2d,20,50,49.9362,-27.5854,-0.039923,-50
17.8953,station1_2d,20,50,49.9362,-27.5672,-0.0399277,-50
17.9113,station1_2d,20,50,49.9362,-27.5489,-0.0399697,-50
17.9272,station1_2d,20,50,49.9362,-27.5307,-0.0400072,-50
17.9432,station1_2d,20,50,49.9362,-27.5125,-0.0400184,-50
17.9592,station1_2d,20,50,49.9363,-27.4943,-0.0399979,-50
17.9751,station1_2d,20,50,49.9363,-27.4762,-0.0399908,-50
17.9911,station1_2d,20,50,49.9363,-27.458,-0.0399928,-50
18.0071,station1_2d,20,50,49.9363,-27.4399,-0.0399996,-50
18.023,station1_2d,20,50,49.9363,-27.4218,-0.0400548,-50
18.039,station1_2d,20,50,49.9363,-27.4038,-0.0400947,-50
18.055,station1_2d,20,50,49.9363,-27.3857,-0.0401102,-50
18.0709,station1_2d,20,50,49.9363,-27.3677,-0.040121,-50
18.0869,station1_2d,20,50,49.9363,-27.3497,-0.0401118,-50
18.1029,station1_2d,20,50,49.9363,-27.3317,-0.0401446,-50
18.1188,station1_2d,20,50,49.9364,-27.3138,-0.0401511,-50
18.1348,station1_2d,20,50,49.9364,-27.2958,-0.0401589,-50
18.1507,station1_2d,20,50,49.9364,-27.2779,-0.0401744,-50
18.1667,station1_2d,20,50,49.9364,-27.26,-0.0401753,-50
18.1827,station1_2d,20,50,49.9364,-27.2421,-0.0401648,-50
18.1986,station1_2d,20,50,49.9364,-27.2243,-0.0401457,-50
18.2146,station1_2d,20,50,49.9364,-27.2065,-0.0401939,-50
18.2306,station1_2d,20,50,49.9364,-27.1887,-0.0402436,-50
18.2465,station1_2d,20,50,49.9364,-27.1709,-0.0402692,-50
18.2625,station1_2d,20,50,49.9365,-27.1532,-0.0402683,-50
18.2785,station1_2d,20,50,49.9365,-27.1354,-0.04027,-50
18.2944,station1_2d,20,50,49.9365,-27.1177,-0.0402953,-50
18.3104,station1_2d,20,50,49.9365,-27.1,-0.0402911,-50
18.3264,station1_2d,20,50,49.9365,-27.0823,-0.0403122,-50
18.3423,station1_2d,20,50,49.9365,-27.0647,-0.0403151,-50
18.3583,station1_2d,20,50,49.9365,-27.047,-0.0402843,-50
18.3743,station1_2d,20,50,49.9365,-27.0294,-0.0402875,-50
18.3902,station1_2d,20,50,49.9365,-27.0118,-0.0402811,-50
18.4062,station1_2d,20,50,49.9365,-26.9943,-0.0403132,-50
18.4221,station1_2d,20,50,49.9366,-26.9767,-0.0403038,-50
18.4381,station1_2d,20,50,49.9366,-26.9592,-0.0403169,-50
18.4541,station1_2d,20,50,49.9366,-26.9417,-0.0403519,-50
18.47,station1_2d,20,50,49.9366,-26.9242,-0.0403571,-50
18.486,station1_2d,20,50,49.9366,-26.9067,-0.0403782,-50
18.502,station1_2d,20,50,49.9366,-26.8893,-0.0403809,-50
18.5179,station1_2d,20,50,49.9366,-26.8718,-0.0404158,-50
18.5339,station1_2d,20,50,49.9366,-26.8544,-0.0404266,-50
18.5499,station1_2d,20,50,49.9366,-26.837,-0.0404247,-50
18.5658,station1_2d,20,50,49.9367,-26.8196,-0.0404344,-50
18.5818,station1_2d,20,50,49.9367,-26.8023,-0.0404579,-50
18.5978,station1_2d,20,50,49.9367,-26.7849,-0.0404312,-50
18.6137,station1_2d,20,50,49.9367,-26.7676,-0.0404012,-50
18.6297,station1_2d,20,50,49.9367,-26.7503,-0.0404005,-50
18.6456,station1_2d,20,50,49.9367,-26.7329,-0.0404034,-50
18.6616,station1_2d,20,50,49.9367,-26.7157,-0.0404093,-50
18.6776,station1_2d,20,50,49.9367,-26.6984,-0.0403956,-50
18.6935,station1_2d,20,50,49.9367,-26.6812,-0.0403812,-50
18.7095,station1_2d,20,50,49.9368,-26.664,-0.0403717,-50
18.7255,station1_2d,20,50,49.9368,-26.6468,-0.0403798,-50
18.7414,station1_2d,20,50,49.9368,-26.6296,-0.0404101,-50
18.7574,station1_2d,20,50,49.9368,-26.6124,-0.0404333,-50
18.7734,station1_2d,20,50,49.9368,-26.5953,-0.0404556,-50
18.7893,station1_2d,20,50,49.9368,-26.5782,-0.0404958,-50
18.8053,station1_2d,20,50,49.9368,-26.5611,-0.0405136,-50
18.8213,station1_2d,20,50,49.9368,-26.544,-0.0405091,-50
18.8372,station1_2d,20,50,49.9369,-26.527,-0.0404972,-50
18.8532,station1_2d,20,50,49.9369,-26.5099,-0.0404916,-50
18.8692,station1_2d,20,50,49.9369,-26.4929,-0.0405015,-50
18.8851,station1_2d,20,50,49.9369,-26.4758,-0.0404835,-50
18.9011,station1_2d,20,50,49.9369,-26.4588,-0.0404669,-50
18.917,station1_2d,20,50,49.9369,-26.4418,-0.0404546,-50
18.933,station1_2d,20,50,49.9369,-26.4248,-0.0404559,-50
18.949,station1_2d,20,50,49.9369,-26.4078,-0.0404681,-50
18.9649,station1_2d,20,50,49.9369,-26.3909,-0.0404941,-50
18.9809,station1_2d,20,50,49.9369,-26.3739,-0.0405154,-50
18.9969,station1_2d,20,50,49.937,-26.3571,-0.0404994,-50
19.0128,station1_2d,20,50,49.937,-26.3402,-0.0405018,-50
19.0288,station1_2d,20,50,49.937,-26.3233,-0.0405314,-50
19.0448,station1_2d,20,50,49.937,-26.3065,-0.0405645,-50
19.0607,station1_2d,20,50,49.937,-26.2896,-0.0405735,-50
19.0767,station1_2d,20,50,49.937,-26.2728,-0.0405756,-50
19.0927,station1_2d,20,50,49.937,-26.2561,-0.0405779,-50
19.1086,station1_2d,20,50,49.937,-26.2393,-0.0405808,-50
19.1246,station1_2d,20,50,49.937,-26.2225,-0.0405657,-50
19.1405,station1_2d,20,50,49.9371,-26.2058,-0.0405976,-50
19.1565,station1_2d,20,50,49.9371,-26.189,-0.0406022,-50
19.1725,station1_2d,20,50,49.9371,-26.1723,-0.0406329,-50
19.1884,station1_2d,20,50,49.9371,-26.1556,-0.0406421,-50
19.2044,station1_2d,20,50,49.9371,-26.1389,-0.0406813,-50
19.2204,station1_2d,20,50,49.9371,-26.1221,-0.0407078,-50
19.2363,station1_2d,20,50,49.9371,-26.1054,-0.0407154,-50
19.2523,station1_2d,20,50,49.9371,-26.0888,-0.0407187,-50
19.2683,station1_2d,20,50,49.9371,-26.0722,-0.0407267,-50
19.2842,station1_2d,20,50,49.9371,-26.0555,-0.0407277,-50
19.3002,station1_2d,20,50,49.9372,-26.039,-0.0407351,-50
19.3162,station1_2d,20,50,49.9372,-26.0224,-0.0407243,-50
19.3321,station1_2d,20,50,49.9372,-26.0058,-0.0407024,-50
19.3481,station1_2d,20,50,49.9372,-25.9892,-0.0407217,-50
19.3641,station1_2d,20,50,49.9372,-25.9727,-0.040727,-50
19.38,station1_2d,20,50,49.9372,-25.9562,-0.0407539,-50
19.396,station1_2d,20,50,49.9372,-25.9397,-0.0407591,-50
19.4119,station1_2d,20,50,49.9372,-25.9232,-0.0407483,-50
19.4279,station1_2d,20,50,49.9372,-25.9067,-0.0407518,-50
19.4439,station1_2d,20,50,49.9372,-25.8903,-0.0407624,-50
19.4598,station1_2d,20,50,49.9372,-25.8738,-0.0407634,-50
19.4758,station1_2d,20,50,49.9373,-25.8574,-0.0407378,-50
19.4918,station1_2d,20,50,49.9373,-25.841,-0.0407166,-50
19.5077,station1_2d,20,50,49.9373,-25.8246,-0.040732,-50
19.5237,station1_2d,20,50,49.9373,-25.8082,-0.040718,-50
19.5397,station1_2d,20,50,49.9373,-25.7919,-0.0407095,-50
19.5556,station1_2d,20,50,49.9373,-25.7755,-0.0407212,-50
19.5716,station1_2d,20,50,49.9373,-25.7592,-0.0407405,-50
19.5876,station1_2d,20,50,49.9373,-25.7429,-0.0407253,-50
19.6035,station1_2d,20,50,49.9373,-25.7266,-0.0407516,-50
19.6195,station1_2d,20,50,49.9373,-25.7103,-0.0407909,-50
19.6354,station1_2d,20,50,49.9374,-25.694,-0.0408071,-50
19.6514,station1_2d,20,50,49.9374,-25.6777,-0.0408189,-50
19.6674,station1_2d,20,50,49.9374,-25.6615,-0.0408146,-50
19.6833,station1_2d,20,50,49.9374,-25.6452,-0.0408216,-50
19.6993,station1_2d,20,50,49.9374,-25.629,-0.0408239,-50
19.7153,station1_2d,20,50,49.9374,-25.6128,-0.0408272,-50
19.7312,station1_2d,20,50,49.9374,-25.5967,-0.040815,-50
19.7472,station1_2d,20,50,49.9374,-25.5805,-0.0408002,-50
19.7632,station1_2d,20,50,49.9374,-25.5644,-0.040818,-50
19.7791,station1_2d,20,50,49.9374,-25.5482,-0.040811,-50
19.7951,station1_2d,20,50,49.9374,-25.5321,-0.0408166,-50
19.8111,station1_2d,20,50,49.9374,-25.516,-0.0407934,-50
19.827,station1_2d,20,50,49.9374,-25.4999,-0.0407843,-50
19.843,station1_2d,20,50,49.9374,-25.4838,-0.0407836,-50
19.859,station1_2d,20,50,49.9375,-25.4678,-0.0407862,-50
19.8749,station1_2d,20,50,49.9375,-25.4518,-0.0407746,-50
19.8909,station1_2d,20,50,49.9375,-25.4358,-0.0407571,-50
19.9068,station1_2d,20,50,49.9375,-25.4197,-0.0407462,-50
19.9228,station1_2d,20,50,49.9375,-25.4037,-0.0407723,-50
19.9388,station1_2d,20,50,49.9375,-25.3877,-0.0408069,-50
19.9547,station1_2d,20,50,49.9375,-25.3717,-0.0408285,-50
19.9707,station1_2d,20,50,49.9375,-25.3558,-0.0407928,-50
19.9867,station1_2d,20,50,49.9375,-25.3399,-0.0407599,-50
